wave,inten,std
1867.600,17.656,3.100
1872.853,4.789,2.905
1878.105,13.174,2.990
1883.354,-2.462,2.836
1888.602,19.630,2.901
1893.847,8.846,3.074
1899.091,2.637,3.044
1904.334,14.470,3.135
1909.574,-4.287,2.975
1914.813,2.317,3.023
1920.050,-2.557,2.825
1925.285,-1.453,2.784
1930.518,3.330,2.913
1935.750,2.586,2.965
1940.980,3.648,2.840
1946.208,6.878,2.939
1951.434,8.235,2.905
1956.659,5.034,3.018
1961.882,-2.173,2.917
1967.103,2.846,2.993
1972.322,-1.438,2.973
1977.539,-6.442,2.842
1982.755,8.560,2.996
1987.969,-9.584,2.875
1993.181,-10.623,2.839
1998.392,3.232,2.934
2003.601,-0.326,2.954
2008.808,1.434,3.017
2014.013,-13.151,2.803
2019.216,-13.442,2.830
2024.418,5.638,2.856
2029.618,9.898,2.872
2034.816,-8.348,2.844
2040.013,-0.903,2.965
2045.208,-10.645,2.840
2050.401,-0.328,2.922
2055.592,18.875,2.971
2060.782,6.245,2.886
2065.970,-2.285,2.874
2071.156,-6.122,2.941
2076.340,2.696,2.998
2081.523,-1.066,2.896
2086.704,-0.735,2.954
2091.883,-5.893,2.893
2097.061,-1.971,2.908
2102.237,0.502,2.978
2107.411,0.787,2.927
2112.583,6.044,2.907
2117.754,8.227,3.005
2122.923,11.068,2.942
2128.090,-0.429,2.898
2133.256,3.277,2.895
2138.420,-2.013,2.903
2143.582,-2.373,2.968
2148.743,1.790,2.983
2153.902,13.193,3.008
2159.059,2.813,2.953
2164.214,1.336,3.006
2169.368,-5.703,2.910
2174.520,1.965,2.998
2179.670,-1.533,2.879
2184.819,3.612,2.980
2189.966,-6.219,2.929
2195.111,3.822,2.893
2200.255,18.140,3.043
2205.397,3.842,2.946
2210.537,2.913,2.891
2215.676,3.797,3.043
2220.813,4.751,2.961
2225.948,4.485,2.922
2231.081,1.566,2.912
2236.213,1.405,3.077
2241.344,12.034,3.056
2246.472,-1.234,2.865
2251.599,10.471,2.981
2256.724,-7.066,2.919
2261.848,8.037,3.010
2266.970,-9.162,2.814
2272.090,1.922,2.993
2277.209,6.758,2.959
2282.326,5.705,3.038
2287.441,-2.444,2.937
2292.555,4.190,2.939
2297.667,-2.732,2.966
2302.777,2.205,2.919
2307.886,-0.432,2.973
2312.993,8.437,2.953
2318.099,2.923,2.949
2323.202,9.210,3.093
2328.305,-2.548,2.924
2333.405,-4.438,3.008
2338.504,3.451,2.976
2343.601,0.757,2.913
2348.697,-2.054,2.924
2353.791,7.119,2.959
2358.884,-0.039,2.931
2363.974,-4.409,3.020
2369.064,-5.227,2.823
2374.151,-6.858,2.959
2379.237,-6.825,2.988
2384.321,3.965,2.978
2389.404,5.589,3.089
2394.485,4.538,3.041
2399.565,8.386,2.946
2404.643,3.618,3.023
2409.719,11.157,3.036
2414.794,3.918,2.983
2419.867,2.895,3.129
2424.938,9.050,3.003
2430.008,7.033,3.010
2435.076,14.301,3.096
2440.143,3.770,3.028
2445.208,5.701,2.988
2450.271,19.115,3.046
2455.333,4.115,3.066
2460.394,4.432,2.971
2465.452,5.455,2.991
2470.510,2.877,2.976
2475.565,1.217,3.001
2480.619,-6.095,2.912
2485.671,14.449,3.051
2490.722,4.063,2.948
2495.772,6.707,3.140
2500.819,3.968,3.000
2505.865,1.665,2.983
2510.910,9.208,3.015
2515.953,5.711,2.991
2520.994,5.767,3.035
2526.034,3.332,3.075
2531.072,11.234,3.135
2536.109,5.923,2.975
2541.144,13.774,3.134
2546.178,4.499,2.970
2551.210,-1.724,2.980
2556.240,-4.973,3.035
2561.269,1.161,3.028
2566.297,16.450,3.146
2571.322,8.839,3.154
2576.347,0.115,3.061
2581.369,13.580,3.054
2586.391,-4.132,2.993
2591.410,0.705,3.073
2596.428,12.537,3.133
2601.445,10.738,3.036
2606.460,-0.710,3.028
2611.473,1.845,3.025
2616.485,6.470,3.057
2621.496,2.206,3.079
2626.505,-2.836,3.021
2631.512,9.906,3.116
2636.518,7.879,2.975
2641.522,8.746,3.121
2646.525,15.601,3.226
2651.526,0.043,3.010
2656.526,15.449,3.188
2661.524,14.864,3.138
2666.521,1.964,3.025
2671.516,5.673,3.039
2676.510,8.085,3.164
2681.502,3.310,2.991
2686.493,7.954,2.976
2691.482,5.947,3.090
2696.470,1.907,3.018
2701.456,0.530,3.098
2706.441,2.428,3.077
2711.424,0.097,3.008
2716.405,0.786,3.039
2721.386,3.258,3.061
2726.364,2.481,3.041
2731.342,16.273,3.067
2736.317,7.157,3.067
2741.292,4.453,3.167
2746.264,4.656,3.192
2751.236,-3.033,3.059
2756.205,8.792,3.069
2761.174,12.245,3.033
2766.140,3.160,3.057
2771.106,3.220,3.026
2776.070,3.361,3.133
2781.032,11.305,3.100
2785.993,9.879,3.096
2790.952,2.688,3.079
2795.910,3.742,3.117
2800.867,7.202,3.088
2805.822,4.111,3.074
2810.776,-3.231,3.059
2815.728,0.728,3.096
2820.678,5.236,3.056
2825.628,5.972,3.122
2830.575,0.828,3.074
2835.522,5.788,3.124
2840.466,11.965,3.082
2845.410,16.535,3.154
2850.352,0.682,2.941
2855.292,9.817,3.085
2860.231,18.200,3.186
2865.169,2.721,3.088
2870.105,-2.259,3.113
2875.040,6.521,3.069
2879.973,7.192,3.098
2884.905,-2.194,3.142
2889.836,8.666,3.140
2894.765,9.730,3.219
2899.692,-1.240,3.181
2904.618,4.536,3.267
2909.543,6.646,3.206
2914.466,5.835,3.177
2919.388,5.741,3.084
2924.309,6.318,3.132
2929.228,10.888,3.145
2934.145,4.693,3.088
2939.061,0.738,3.179
2943.976,9.655,3.046
2948.890,-0.457,3.140
2953.801,-5.237,3.064
2958.712,10.939,3.119
2963.621,16.079,3.122
2968.529,6.086,3.119
2973.435,19.209,3.129
2978.340,-2.610,3.057
2983.244,-0.414,3.028
2988.146,1.887,3.074
2993.047,-7.123,2.983
2997.946,22.745,3.203
3002.844,9.595,3.162
3007.740,9.053,3.066
3012.636,-2.680,3.157
3017.529,14.277,3.208
3022.422,9.618,3.160
3027.313,-1.061,3.090
3032.202,15.156,3.151
3037.091,12.705,3.168
3041.978,15.306,3.190
3046.863,11.540,3.090
3051.747,-2.613,3.067
3056.630,5.280,3.109
3061.511,7.343,3.130
3066.391,12.874,3.137
3071.270,3.885,3.170
3076.147,-4.029,3.074
3081.023,0.121,3.105
3085.898,12.356,3.095
3090.771,10.673,3.192
3095.643,4.451,3.116
3100.513,15.656,3.100
3105.382,15.958,3.175
3110.250,8.312,3.211
3115.117,0.326,3.138
3119.982,10.507,3.165
3124.845,11.990,3.283
3129.708,-3.815,3.072
3134.569,6.340,3.133
3139.429,11.780,3.164
3144.287,6.323,3.080
3149.144,10.677,3.203
3154.000,27.701,3.468
3158.854,363.360,6.813
3163.707,54.195,3.909
3168.559,17.153,3.208
3173.409,4.559,3.146
3178.258,9.848,3.181
3183.106,4.568,3.180
3187.952,8.031,3.288
3192.797,-2.035,3.216
3197.641,-5.710,3.184
3202.483,6.604,3.220
3207.324,20.811,3.234
3212.164,14.467,3.178
3217.003,10.466,3.254
3221.840,9.462,3.141
3226.676,4.673,3.100
3231.510,4.292,3.109
3236.343,3.295,3.156
3241.175,8.797,3.208
3246.006,4.618,3.197
3250.835,6.973,3.176
3255.663,2.338,3.143
3260.490,8.433,3.171
3265.315,8.230,3.206
3270.140,7.880,3.179
3274.962,10.649,3.212
3279.784,-3.638,3.109
3284.604,15.058,3.222
3289.423,10.250,3.203
3294.241,-3.380,3.093
3299.057,11.228,3.243
3303.873,15.781,3.148
3308.686,13.731,3.153
3313.499,12.136,3.259
3318.310,1.925,3.049
3323.120,-7.221,3.049
3327.929,9.506,3.182
3332.737,7.181,3.149
3337.543,10.482,3.168
3342.348,5.881,3.229
3347.151,16.629,3.235
3351.954,-1.759,3.095
3356.755,8.257,3.072
3361.555,11.485,3.143
3366.354,5.433,3.154
3371.151,16.052,3.245
3375.947,1.248,3.093
3380.742,-2.674,3.085
3385.536,9.423,3.260
3390.328,14.405,3.168
3395.119,15.732,3.271
3399.909,9.026,3.135
3404.698,17.527,3.295
3409.485,20.125,3.355
3414.271,13.379,3.228
3419.056,18.740,3.313
3423.840,8.604,3.182
3428.622,9.248,3.245
3433.404,5.147,3.295
3438.184,16.088,3.409
3442.962,12.595,3.342
3447.740,20.724,3.376
3452.516,16.848,3.447
3457.291,17.761,3.373
3462.065,28.747,3.340
3466.838,17.154,3.254
3471.609,22.734,3.389
3476.380,26.589,3.406
3481.149,28.688,3.520
3485.916,19.986,3.504
3490.683,32.563,3.559
3495.448,37.363,3.609
3500.213,39.267,3.686
3504.976,50.015,3.740
3509.737,43.391,3.658
3514.498,49.682,3.743
3519.257,50.866,3.787
3524.015,47.486,3.784
3528.772,65.091,3.944
3533.528,47.794,3.806
3538.283,75.221,4.026
3543.036,69.682,4.045
3547.788,66.214,4.043
3552.539,64.961,4.069
3557.289,64.121,4.063
3562.038,81.796,4.269
3566.785,98.455,4.360
3571.532,99.003,4.344
3576.277,107.804,4.482
3581.021,113.099,4.615
3585.763,122.196,4.660
3590.505,128.362,4.752
3595.245,145.869,4.850
3599.985,151.267,4.955
3604.723,141.991,4.968
3609.460,163.597,5.074
3614.195,187.922,5.354
3618.930,191.496,5.424
3623.663,196.856,5.462
3628.396,219.053,5.652
3633.127,243.778,5.823
3637.857,261.023,6.017
3642.586,279.632,6.172
3647.313,301.050,6.330
3652.040,300.865,6.339
3656.765,344.630,6.585
3661.489,353.527,6.724
3666.212,399.828,7.030
3670.934,421.309,7.245
3675.655,480.097,7.608
3680.375,493.264,7.663
3685.093,527.976,7.854
3689.810,567.288,8.155
3694.527,630.631,8.506
3699.242,671.693,8.730
3703.956,698.007,8.846
3708.669,779.023,9.326
3713.380,854.322,9.729
3718.091,956.848,10.242
3722.800,950.146,10.284
3727.509,976.592,10.344
3732.216,990.284,10.440
3736.922,1071.667,10.817
3741.627,1230.446,11.524
3746.331,1355.042,12.082
3751.034,1481.296,12.558
3755.735,1540.565,12.807
3760.436,1576.095,12.979
3765.135,1615.461,13.109
3769.834,1581.385,13.003
3774.531,1698.590,13.384
3779.227,1750.867,13.633
3783.922,1897.108,14.113
3788.616,2096.709,14.851
3793.309,2192.611,15.144
3798.001,2395.575,15.829
3802.691,2570.561,16.367
3807.381,2659.316,16.620
3812.070,2806.917,17.062
3816.757,2908.154,17.377
3821.443,2800.700,17.039
3826.128,2770.156,16.924
3830.813,2743.894,16.893
3835.496,2883.201,17.276
3840.178,3033.314,17.755
3844.859,3332.916,18.572
3849.538,3453.032,18.888
3854.217,3737.160,19.599
3858.895,3839.503,19.873
3863.572,4098.267,20.506
3868.247,4304.259,21.004
3872.922,4551.635,21.602
3877.595,4719.755,21.976
3882.267,4928.176,22.443
3886.939,4935.402,22.465
3891.609,5137.746,22.937
3896.278,5214.041,23.060
3900.946,5224.816,23.097
3905.614,5086.225,22.806
3910.280,5029.319,22.649
3914.945,4850.476,22.283
3919.609,4952.114,22.495
3924.271,5077.480,22.769
3928.933,5359.531,23.391
3933.594,5543.483,23.785
3938.254,5752.283,24.238
3942.913,6060.689,24.849
3947.570,6296.309,25.319
3952.227,6547.412,25.813
3956.883,6835.710,26.362
3961.537,7159.576,26.948
3966.191,7433.679,27.481
3970.843,7514.997,27.618
3975.495,7783.430,28.102
3980.145,7894.695,28.306
3984.795,8126.532,28.705
3989.443,8280.846,28.956
3994.091,8485.126,29.335
3998.737,8663.121,29.635
4003.383,8829.992,29.904
4008.027,8944.444,30.104
4012.671,9142.331,30.421
4017.313,9243.465,30.600
4021.954,9422.839,30.891
4026.595,9477.651,31.000
4031.234,9601.649,31.184
4035.872,9588.160,31.168
4040.510,9541.377,31.087
4045.146,9202.657,30.531
4049.782,8978.704,30.172
4054.416,8767.722,29.823
4059.049,8789.711,29.865
4063.682,8898.742,30.022
4068.313,9157.059,30.463
4072.944,9338.728,30.758
4077.573,9517.770,31.067
4082.201,9764.727,31.465
4086.829,9980.033,31.802
4091.455,10448.287,32.520
4096.081,10836.822,33.118
4100.705,11281.891,33.767
4105.329,11546.065,34.155
4109.952,11820.978,34.580
4114.573,12053.680,34.893
4119.194,12166.112,35.062
4123.813,12392.798,35.397
4128.432,12489.921,35.527
4133.050,12706.947,35.828
4137.667,12701.263,35.825
4142.282,12969.866,36.174
4146.897,13119.912,36.387
4151.511,13207.804,36.528
4156.124,13275.475,36.600
4160.736,13406.550,36.802
4165.347,13342.302,36.708
4169.957,13629.773,37.098
4174.566,13748.669,37.247
4179.175,13853.182,37.402
4183.782,13963.549,37.542
4188.388,14140.731,37.781
4192.994,14021.912,37.642
4197.598,14297.593,37.991
4202.202,14306.111,38.016
4206.804,14479.318,38.229
4211.406,14496.932,38.252
4216.006,14646.716,38.459
4220.606,14654.842,38.470
4225.205,14869.870,38.736
4229.803,14854.504,38.719
4234.400,15147.490,39.082
4238.996,15113.044,39.067
4243.591,15305.521,39.307
4248.185,15279.748,39.269
4252.779,15443.860,39.479
4257.371,15560.516,39.630
4261.963,15660.214,39.775
4266.553,15599.356,39.676
4271.143,15743.527,39.862
4275.732,15815.253,39.954
4280.319,15854.413,39.995
4284.906,15699.643,39.810
4289.492,15580.189,39.674
4294.077,15206.000,39.163
4298.662,14728.179,38.563
4303.245,14318.226,38.037
4307.827,13975.564,37.592
4312.409,13960.195,37.561
4316.990,14111.856,37.760
4321.569,14232.301,37.946
4326.148,14516.409,38.300
4330.726,14535.527,38.342
4335.303,14810.013,38.709
4339.880,15400.643,39.458
4344.455,16088.796,40.325
4349.029,16673.665,41.037
4353.603,17079.798,41.542
4358.176,17369.786,41.876
4362.748,17539.941,42.090
4367.319,17736.340,42.305
4371.889,17858.505,42.467
4376.458,17897.831,42.501
4381.026,18112.088,42.776
4385.594,18094.499,42.748
4390.160,18204.806,42.864
4394.726,18332.093,43.028
4399.291,18498.051,43.205
4403.855,18539.791,43.265
4408.418,18614.270,43.350
4412.981,18501.889,43.257
4417.542,18652.223,43.396
4422.103,18639.710,43.399
4426.662,18649.824,43.395
4431.221,18812.308,43.587
4435.779,18837.896,43.608
4440.337,18824.282,43.593
4444.893,18732.998,43.505
4449.449,18739.213,43.496
4454.003,18832.640,43.593
4458.557,18848.885,43.644
4463.110,18921.994,43.715
4467.663,18935.383,43.720
4472.214,19132.799,43.952
4476.765,18997.657,43.818
4481.314,19163.035,43.983
4485.863,19354.751,44.211
4490.411,19591.790,44.480
4494.959,19538.057,44.427
4499.505,19667.997,44.558
4504.051,19638.623,44.534
4508.595,19755.325,44.653
4513.139,19896.356,44.829
4517.683,19890.664,44.819
4522.225,19961.670,44.884
4526.766,20000.013,44.934
4531.307,19998.225,44.929
4535.847,20149.218,45.097
4540.386,20175.358,45.127
4544.925,20390.851,45.347
4549.462,20303.865,45.245
4553.999,20411.832,45.361
4558.535,20482.586,45.455
4563.070,20595.539,45.586
4567.604,20701.099,45.667
4572.138,20732.137,45.729
4576.671,20674.670,45.672
4581.203,20905.597,45.929
4585.734,20844.697,45.843
4590.264,21235.103,46.266
4594.794,21218.407,46.254
4599.323,21257.088,46.285
4603.851,21319.158,46.359
4608.378,21402.390,46.463
4612.905,21443.404,46.488
4617.431,21478.411,46.520
4621.956,21576.909,46.626
4626.480,21694.674,46.764
4631.003,21740.936,46.809
4635.526,21816.730,46.882
4640.048,21938.313,47.026
4644.569,22046.949,47.110
4649.089,22149.668,47.239
4653.609,22235.902,47.318
4658.128,22333.417,47.425
4662.646,22363.752,47.467
4667.163,22471.574,47.579
4671.680,22459.428,47.564
4676.196,22527.734,47.645
4680.711,22683.500,47.799
4685.225,22553.205,47.657
4689.739,22763.636,47.895
4694.252,22892.591,48.013
4698.764,22841.100,47.969
4703.275,22757.899,47.879
4707.786,23046.820,48.184
4712.296,22925.681,48.043
4716.805,23110.202,48.244
4721.314,23154.823,48.296
4725.821,23070.112,48.199
4730.328,23216.447,48.344
4734.835,23321.970,48.462
4739.340,23251.531,48.394
4743.845,23378.525,48.528
4748.349,23325.883,48.465
4752.852,23409.946,48.552
4757.355,23515.268,48.667
4761.857,23619.553,48.748
4766.358,23450.455,48.589
4770.859,23575.849,48.716
4775.359,23716.975,48.849
4779.858,23845.279,48.985
4784.356,23747.267,48.894
4788.854,24009.674,49.149
4793.351,24053.657,49.202
4797.847,24188.137,49.345
4802.343,24090.815,49.233
4806.838,24091.288,49.238
4811.332,24175.693,49.320
4815.825,24138.920,49.291
4820.318,24070.046,49.235
4824.810,23969.400,49.115
4829.302,23540.041,48.694
4833.792,23258.113,48.385
4838.282,22250.182,47.332
4842.772,21461.206,46.495
4847.261,20524.657,45.464
4851.749,19920.299,44.819
4856.236,19663.648,44.524
4860.723,19508.164,44.335
4865.209,19500.961,44.322
4869.694,20614.078,45.571
4874.179,22149.661,47.228
4878.663,23377.879,48.514
4883.146,23857.637,48.987
4887.628,24283.354,49.443
4892.110,24420.861,49.582
4896.592,24519.548,49.676
4901.072,24516.151,49.682
4905.552,24553.490,49.721
4910.032,24567.500,49.725
4914.510,24496.271,49.653
4918.988,24458.582,49.623
4923.466,24593.851,49.742
4927.943,24675.372,49.814
4932.419,24627.884,49.787
4936.894,24687.391,49.853
4941.369,24914.311,50.062
4945.843,24898.138,50.058
4950.317,24850.345,49.997
4954.789,24829.392,49.989
4959.262,24908.940,50.061
4963.733,24909.352,50.065
4968.204,24912.981,50.071
4972.675,24924.455,50.098
4977.144,24883.375,50.061
4981.613,25038.693,50.188
4986.082,24930.058,50.120
4990.550,25101.216,50.270
4995.017,24933.804,50.115
4999.484,25068.359,50.243
5003.950,24904.822,50.078
5008.415,25046.774,50.202
5012.880,24971.058,50.136
5017.344,24975.113,50.142
5021.807,24931.149,50.096
5026.270,24962.209,50.131
5030.732,25035.854,50.207
5035.194,24897.947,50.063
5039.655,25080.737,50.250
5044.116,25080.278,50.249
5048.576,25324.368,50.501
5053.035,25175.107,50.355
5057.494,25225.959,50.389
5061.952,25267.786,50.434
5066.409,25273.648,50.450
5070.866,25491.495,50.669
5075.322,25715.628,50.883
5079.778,25655.645,50.837
5084.233,25559.300,50.738
5088.688,25600.551,50.764
5093.142,25621.503,50.790
5097.595,25731.172,50.902
5102.048,25651.010,50.812
5106.500,25688.030,50.851
5110.952,25857.109,50.999
5115.403,25739.398,50.897
5119.854,25846.166,50.997
5124.304,25946.267,51.100
5128.753,25901.809,51.054
5133.202,25838.062,50.998
5137.650,25988.261,51.137
5142.098,25769.601,50.936
5146.545,25995.024,51.137
5150.991,25902.418,51.066
5155.437,25840.195,51.011
5159.883,25948.192,51.121
5164.328,26163.931,51.323
5168.772,26032.831,51.195
5173.216,25875.099,51.011
5177.659,25988.126,51.142
5182.102,25948.220,51.114
5186.544,26001.653,51.158
5190.986,26099.379,51.246
5195.427,25862.329,51.030
5199.867,26147.324,51.309
5204.307,26124.997,51.284
5208.747,26155.882,51.325
5213.186,26135.867,51.293
5217.624,26043.706,51.204
5222.062,26091.493,51.241
5226.499,26252.571,51.404
5230.936,26079.023,51.229
5235.372,26245.552,51.398
5239.808,26173.979,51.319
5244.243,26269.726,51.420
5248.678,26099.945,51.255
5253.112,26177.972,51.342
5257.546,26094.604,51.240
5261.979,25978.228,51.139
5266.412,26040.813,51.189
5270.844,26066.328,51.222
5275.276,26165.834,51.329
5279.707,26134.194,51.289
5284.137,26075.368,51.224
5288.568,26099.683,51.258
5292.997,26016.024,51.185
5297.426,26089.029,51.246
5301.855,26033.448,51.198
5306.283,26209.002,51.363
5310.711,25976.520,51.116
5315.138,26015.165,51.164
5319.565,25860.632,51.029
5323.991,25986.506,51.126
5328.416,25985.799,51.146
5332.842,26098.975,51.261
5337.266,25979.740,51.133
5341.690,25925.532,51.098
5346.114,25985.357,51.157
5350.537,25961.155,51.142
5354.960,26035.758,51.205
5359.383,26029.137,51.215
5363.804,25932.436,51.100
5368.226,25905.344,51.067
5372.647,25881.733,51.033
5377.067,25707.939,50.888
5381.487,25710.146,50.885
5385.907,25697.126,50.863
5390.326,25569.940,50.740
5394.744,25637.493,50.808
5399.162,25496.370,50.663
5403.580,25564.786,50.760
5407.997,25363.257,50.537
5412.414,25216.501,50.399
5416.830,25163.276,50.341
5421.246,25057.353,50.262
5425.662,25094.269,50.276
5430.077,24935.665,50.118
5434.491,25011.587,50.196
5438.905,24902.319,50.086
5443.319,24757.529,49.951
5447.732,24843.091,50.036
5452.145,24865.587,50.062
5456.557,24772.494,49.982
5460.969,24809.899,50.025
5465.380,24665.033,49.890
5469.792,24700.993,49.900
5474.202,24680.571,49.870
5478.612,24658.195,49.826
5483.022,24586.579,49.766
5487.431,24522.346,49.708
5491.840,24445.708,49.608
5496.249,24600.244,49.776
5500.657,24578.093,49.743
5505.065,24372.125,49.550
5509.472,24603.746,49.764
5513.879,24467.482,49.636
5518.285,24625.447,49.791
5522.691,24568.852,49.732
5527.097,24673.779,49.828
5531.502,24502.911,49.670
5535.907,24443.427,49.595
5540.311,24459.127,49.629
5544.715,24514.850,49.677
5549.119,24269.450,49.439
5553.522,24368.747,49.528
5557.925,24525.807,49.675
5562.327,24413.213,49.566
5566.729,24306.596,49.464
5571.131,24452.058,49.618
5575.532,24292.092,49.451
5579.933,24200.932,49.384
5584.334,24083.791,49.262
5588.734,24022.848,49.182
5593.133,24243.004,49.403
5597.533,24104.651,49.269
5601.932,23974.899,49.124
5606.330,24121.548,49.269
5610.729,23899.952,49.050
5615.126,23968.649,49.128
5619.524,23950.915,49.111
5623.921,24001.098,49.158
5628.318,23862.564,49.013
5632.714,23691.552,48.831
5637.110,23631.559,48.775
5641.506,23645.613,48.813
5645.901,23457.037,48.592
5650.296,23448.602,48.600
5654.691,23434.084,48.569
5659.085,23508.418,48.642
5663.479,23316.361,48.443
5667.873,23268.904,48.416
5672.266,23213.224,48.350
5676.659,23174.457,48.314
5681.051,22986.646,48.120
5685.443,23057.654,48.208
5689.835,23011.674,48.160
5694.227,22907.142,48.032
5698.618,22694.710,47.808
5703.009,22826.188,47.933
5707.399,22631.181,47.738
5711.789,22635.334,47.744
5716.179,22533.143,47.654
5720.569,22493.831,47.600
5724.958,22399.577,47.504
5729.347,22394.148,47.492
5733.735,22208.388,47.293
5738.124,22286.603,47.386
5742.512,22132.560,47.208
5746.899,22107.265,47.180
5751.286,22157.362,47.220
5755.673,22026.823,47.115
5760.060,22057.870,47.125
5764.446,21987.076,47.055
5768.832,21892.088,46.971
5773.218,21940.850,47.008
5777.604,21823.415,46.897
5781.989,21680.140,46.724
5786.374,21675.792,46.723
5790.758,21807.193,46.879
5795.142,21766.996,46.839
5799.526,21784.048,46.845
5803.910,21764.912,46.838
5808.293,21733.118,46.794
5812.676,21662.530,46.723
5817.059,21719.504,46.774
5821.442,21719.275,46.781
5825.824,21746.201,46.786
5830.206,21671.216,46.721
5834.587,21781.435,46.824
5838.969,21620.356,46.656
5843.350,21639.381,46.683
5847.731,21462.869,46.488
5852.111,21515.131,46.563
5856.491,21431.798,46.453
5860.871,21357.460,46.382
5865.251,21358.211,46.384
5869.631,21247.753,46.261
5874.010,20970.381,45.966
5878.389,20805.321,45.782
5882.768,20756.147,45.728
5887.146,20639.880,45.607
5891.524,20395.608,45.344
5895.902,20369.194,45.311
5900.280,20400.290,45.355
5904.657,20555.603,45.519
5909.034,20550.333,45.502
5913.411,20615.427,45.589
5917.788,20256.198,45.187
5922.164,20374.243,45.327
5926.540,20246.106,45.157
5930.916,20270.621,45.208
5935.292,20147.224,45.065
5939.668,20250.493,45.182
5944.043,19873.681,44.761
5948.418,19955.724,44.838
5952.792,19914.440,44.791
5957.167,19964.986,44.843
5961.541,19780.326,44.638
5965.915,19930.239,44.800
5970.289,19686.710,44.542
5974.663,19844.552,44.711
5979.036,19665.703,44.519
5983.409,19681.435,44.519
5987.782,19628.539,44.484
5992.155,19617.099,44.466
5996.528,19692.111,44.557
6000.900,19682.862,44.532
6005.272,19596.793,44.436
6009.644,19496.490,44.314
6014.016,19310.646,44.106
6018.387,19409.805,44.230
6022.759,19228.852,44.007
6027.130,19201.499,43.975
6031.501,19018.711,43.769
6035.871,19115.383,43.890
6040.242,18979.361,43.719
6044.612,18968.342,43.724
6048.982,18843.312,43.568
6053.352,18887.378,43.621
6057.722,18866.087,43.595
6062.091,18811.572,43.525
6066.461,18678.786,43.387
6070.830,18734.519,43.443
6075.199,18511.779,43.182
6079.568,18551.044,43.238
6083.936,18374.591,43.032
6088.305,18431.677,43.103
6092.673,18283.644,42.943
6097.041,18435.054,43.091
6101.409,18144.429,42.782
6105.777,18386.654,43.064
6110.145,18093.401,42.707
6114.512,18042.418,42.662
6118.879,18103.691,42.737
6123.247,17951.525,42.541
6127.613,18002.066,42.603
6131.980,17832.954,42.434
6136.347,17952.325,42.545
6140.713,17790.359,42.328
6145.080,17743.720,42.303
6149.446,17653.264,42.180
6153.812,17688.682,42.238
6158.178,17716.125,42.272
6162.544,17562.776,42.077
6166.909,17625.596,42.154
6171.275,17530.970,42.042
6175.640,17617.423,42.138
6180.005,17633.992,42.144
6184.370,17554.287,42.052
6188.735,17477.347,41.982
6193.100,17422.280,41.880
6197.465,17425.932,41.896
6201.829,17272.577,41.732
6206.194,17332.086,41.788
6210.558,17376.389,41.853
6214.922,17295.767,41.747
6219.286,17159.452,41.582
6223.650,17120.608,41.540
6228.014,17072.787,41.479
6232.377,17061.622,41.441
6236.741,16984.257,41.355
6241.104,16776.002,41.114
6245.468,16861.583,41.202
6249.831,16848.843,41.199
6254.194,16706.968,41.018
6258.557,16659.678,40.964
6262.920,16580.207,40.871
6267.283,16561.424,40.870
6271.646,16278.819,40.504
6276.008,16019.311,40.166
6280.371,15696.672,39.775
6284.733,15644.962,39.706
6289.095,15891.854,40.010
6293.458,15718.031,39.792
6297.820,15859.610,39.980
6302.182,15898.224,40.035
6306.544,15876.000,40.007
6310.906,15787.981,39.881
6315.267,15910.020,40.034
6319.629,15966.453,40.109
6323.991,15948.009,40.087
6328.352,15982.096,40.121
6332.714,15937.971,40.080
6337.075,15872.342,39.994
6341.437,15890.530,40.032
6345.798,15829.580,39.935
6350.159,15783.594,39.878
6354.520,15775.226,39.862
6358.881,15825.924,39.932
6363.242,15810.010,39.924
6367.603,15775.647,39.859
6371.964,15547.112,39.577
6376.325,15631.600,39.677
6380.686,15593.235,39.637
6385.047,15697.040,39.763
6389.407,15610.946,39.667
6393.768,15633.383,39.705
6398.128,15467.549,39.480
6402.489,15438.793,39.451
6406.849,15282.711,39.249
6411.210,15500.253,39.515
6415.570,15267.271,39.224
6419.931,15310.121,39.270
6424.291,15266.566,39.216
6428.651,15350.191,39.318
6433.011,15187.676,39.104
6437.372,15109.535,39.015
6441.732,15019.751,38.908
6446.092,14952.711,38.815
6450.452,14977.698,38.831
6454.812,14793.688,38.602
6459.172,14648.086,38.431
6463.532,14711.253,38.478
6467.893,14558.968,38.294
6472.253,14576.029,38.311
6476.613,14426.481,38.121
6480.973,14357.555,38.029
6485.333,14407.476,38.096
6489.693,14458.744,38.162
6494.053,14447.072,38.154
6498.413,14356.461,38.015
6502.772,14467.074,38.173
6507.132,14422.857,38.120
6511.492,14289.294,37.951
6515.852,14264.344,37.910
6520.212,14189.524,37.818
6524.572,14264.779,37.897
6528.932,14258.687,37.892
6533.292,14091.799,37.675
6537.652,13872.289,37.382
6542.012,13616.561,37.054
6546.372,13199.738,36.490
6550.732,12803.705,35.931
6555.092,12183.906,35.040
6559.452,11444.603,33.990
6563.812,10874.830,33.116
6568.173,10848.710,33.098
6572.533,11850.705,34.570
6576.893,12777.892,35.909
6581.253,13120.920,36.376
6585.613,13389.354,36.721
6589.973,13440.976,36.803
6594.334,13545.863,36.941
6598.694,13558.651,36.954
6603.054,13529.164,36.931
6607.415,13490.995,36.885
6611.775,13610.679,37.017
6616.136,13435.020,36.786
6620.496,13347.583,36.678
6624.857,13320.388,36.630
6629.217,13175.792,36.454
6633.578,13063.133,36.275
6637.939,13150.945,36.397
6642.299,13113.034,36.339
6646.660,13183.247,36.445
6651.021,13127.414,36.370
6655.382,13137.825,36.368
6659.743,13068.767,36.282
6664.104,13176.755,36.436
6668.465,13056.919,36.269
6672.826,13201.533,36.469
6677.187,13046.119,36.252
6681.549,12940.851,36.110
6685.910,12852.531,35.978
6690.272,12844.007,35.969
6694.633,12741.096,35.824
6698.995,12829.045,35.953
6703.356,12660.047,35.701
6707.718,12890.327,36.062
6712.080,12819.349,35.954
6716.442,12879.616,36.031
6720.804,12760.507,35.839
6725.166,12724.367,35.785
6729.528,12545.200,35.564
6733.890,12429.122,35.397
6738.253,12251.379,35.146
6742.615,12171.489,35.043
6746.978,12243.406,35.125
6751.341,12188.156,35.043
6755.703,12203.726,35.077
6760.066,12352.068,35.283
6764.429,12264.800,35.159
6768.792,12097.990,34.928
6773.155,12042.229,34.852
6777.519,12022.492,34.808
6781.882,11721.103,34.387
6786.245,11613.617,34.220
6790.609,11519.019,34.064
6794.973,11452.243,33.985
6799.337,11434.629,33.960
6803.701,11443.850,33.973
6808.065,11474.941,34.022
6812.429,11446.123,33.960
6816.793,11256.470,33.680
6821.158,11258.977,33.709
6825.522,11178.003,33.562
6829.887,11131.880,33.497
6834.252,10969.388,33.273
6838.617,10987.667,33.273
6842.982,10771.873,32.967
6847.347,10701.948,32.853
6851.713,10544.510,32.599
6856.078,10292.981,32.210
6860.444,9893.801,31.592
6864.810,9301.417,30.653
6869.176,8640.048,29.547
6873.542,8014.797,28.455
6877.908,8416.966,29.157
6882.274,9060.973,30.239
6886.641,9167.652,30.429
6891.008,8911.480,29.990
6895.375,8784.627,29.796
6899.742,9002.552,30.160
6904.109,9120.538,30.344
6908.476,9386.664,30.783
6912.844,9602.788,31.115
6917.211,9862.910,31.533
6921.579,9801.109,31.436
6925.947,9944.776,31.671
6930.315,9831.649,31.486
6934.684,9834.936,31.495
6939.052,9750.809,31.339
6943.421,9508.004,30.981
6947.790,9366.127,30.755
6952.159,9389.333,30.789
6956.528,9351.228,30.707
6960.898,9428.181,30.845
6965.267,9538.785,31.020
6969.637,9643.863,31.191
6974.007,9612.605,31.145
6978.378,9630.383,31.167
6982.748,9537.375,31.021
6987.119,9344.073,30.718
6991.489,9146.026,30.381
6995.860,9227.906,30.506
7000.231,8945.516,30.051
7004.603,8997.822,30.137
7008.974,8848.668,29.901
7013.346,8895.164,29.953
7017.718,8851.852,29.886
7022.090,8729.613,29.701
7026.463,8878.927,29.920
7030.836,8959.665,30.087
7035.208,8964.099,30.096
7039.581,9008.969,30.158
7043.955,8965.228,30.099
7048.328,9046.428,30.208
7052.702,8827.573,29.876
7057.076,8868.928,29.930
7061.450,8742.419,29.724
7065.825,8671.258,29.578
7070.199,8484.869,29.274
7074.574,8504.929,29.314
7078.949,8561.073,29.406
7083.324,8649.028,29.558
7087.700,8685.153,29.626
7092.076,8865.309,29.901
7096.452,8845.183,29.888
7100.828,8814.375,29.839
7105.205,8743.160,29.710
7109.582,8696.665,29.616
7113.959,8450.676,29.196
7118.336,8342.845,29.017
7122.713,8138.696,28.650
7127.091,8065.185,28.541
7131.469,7997.809,28.416
7135.847,8110.928,28.608
7140.226,8034.592,28.486
7144.605,8187.505,28.756
7148.984,8075.778,28.545
7153.363,8043.399,28.490
7157.743,7941.107,28.310
7162.123,7634.849,27.773
7166.503,7330.969,27.212
7170.883,6977.712,26.546
7175.264,6520.418,25.668
7179.645,6422.701,25.485
7184.026,6300.640,25.254
7188.407,6260.669,25.178
7192.789,6260.576,25.165
7197.171,6369.234,25.369
7201.554,6399.314,25.452
7205.936,6563.809,25.767
7210.319,6806.491,26.241
7214.702,6946.258,26.489
7219.086,6982.067,26.585
7223.470,6719.125,26.071
7227.854,6604.799,25.842
7232.238,6394.518,25.462
7236.623,6272.498,25.193
7241.008,6258.591,25.162
7245.393,6166.684,24.961
7249.779,6168.554,24.992
7254.165,6144.737,24.944
7258.551,6118.263,24.893
7262.937,6160.454,24.966
7267.324,6221.603,25.096
7271.711,6249.506,25.157
7276.099,6336.829,25.325
7280.486,6355.087,25.389
7284.874,6534.711,25.724
7289.263,6435.006,25.543
7293.651,6336.881,25.326
7298.040,6284.774,25.209
7302.430,6250.370,25.157
7306.819,6066.150,24.783
7311.209,6052.622,24.781
7315.600,6051.218,24.737
7319.990,6120.033,24.889
7324.381,6285.799,25.214
7328.773,6425.839,25.499
7333.164,6449.771,25.532
7337.556,6521.559,25.692
7341.949,6512.507,25.674
7346.341,6553.048,25.740
7350.734,6384.388,25.432
7355.128,6283.533,25.246
7359.522,6053.910,24.740
7363.916,5997.644,24.660
7368.310,5929.093,24.472
7372.705,5901.577,24.434
7377.100,5789.054,24.223
7381.496,5839.429,24.330
7385.891,5901.299,24.444
7390.288,5946.738,24.524
7394.684,5949.405,24.523
7399.081,5947.761,24.525
7403.478,5903.953,24.448
7407.876,5858.324,24.361
7412.274,5754.013,24.150
7416.673,5676.427,23.990
7421.071,5537.154,23.672
7425.470,5610.763,23.829
7429.870,5441.011,23.479
7434.270,5450.563,23.499
7438.670,5302.526,23.210
7443.071,5271.564,23.135
7447.472,5321.069,23.220
7451.873,5284.698,23.151
7456.275,5241.768,23.064
7460.677,5293.333,23.161
7465.080,5355.778,23.315
7469.483,5347.112,23.286
7473.886,5324.397,23.234
7478.290,5484.940,23.592
7482.694,5448.809,23.461
7487.099,5460.528,23.520
7491.504,5282.924,23.153
7495.909,5236.305,23.068
7500.315,5125.869,22.806
7504.721,5087.229,22.707
7509.128,4969.254,22.456
7513.535,4958.657,22.450
7517.943,4952.337,22.422
7522.350,5092.160,22.705
7526.759,5077.111,22.713
7531.167,5212.587,22.981
7535.576,5273.028,23.094
7539.986,5345.299,23.248
7544.396,5258.240,23.086
7548.806,5257.970,23.097
7553.217,5050.412,22.647
7557.628,4956.077,22.425
7562.040,4806.753,22.081
7566.452,4724.154,21.905
7570.865,4745.827,21.947
7575.278,4549.814,21.480
7579.691,4430.208,21.240
7584.105,4108.415,20.434
7588.519,3435.152,18.710
7592.934,2902.988,17.233
7597.349,1986.290,14.337
7601.765,1270.048,11.594
7606.181,1146.353,11.009
7610.597,1402.381,12.102
7615.014,1770.520,13.508
7619.432,2101.349,14.745
7623.850,2233.027,15.157
7628.268,1871.665,13.932
7632.687,1827.318,13.765
7637.106,1947.496,14.177
7641.526,2186.532,15.019
7645.946,2430.178,15.818
7650.367,2727.583,16.734
7654.788,2998.076,17.496
7659.209,3227.428,18.147
7663.631,3375.710,18.547
7668.054,3537.654,18.985
7672.477,3690.279,19.377
7676.900,3719.767,19.465
7681.324,3765.119,19.555
7685.749,3787.878,19.617
7690.174,3796.995,19.669
7694.599,3833.563,19.762
7699.025,3849.756,19.784
7703.451,3809.448,19.704
7707.878,3891.145,19.905
7712.306,3852.557,19.824
7716.734,3819.175,19.721
7721.162,3790.547,19.646
7725.591,3793.781,19.613
7730.020,3803.983,19.685
7734.450,3908.201,19.940
7738.880,3851.485,19.784
7743.311,3862.005,19.836
7747.743,3887.304,19.907
7752.174,3895.973,19.887
7756.607,3860.406,19.808
7761.040,3860.609,19.837
7765.473,3764.459,19.565
7769.907,3635.372,19.250
7774.342,3625.991,19.224
7778.777,3506.664,18.888
7783.212,3504.590,18.898
7787.648,3571.830,19.076
7792.085,3582.094,19.087
7796.522,3636.467,19.261
7800.959,3619.561,19.178
7805.397,3728.678,19.479
7809.836,3783.066,19.613
7814.275,3830.974,19.750
7818.715,3817.286,19.697
7823.155,3818.138,19.709
7827.596,3750.904,19.528
7832.037,3663.997,19.312
7836.479,3551.371,19.051
7840.922,3468.555,18.799
7845.365,3371.815,18.544
7849.808,3333.900,18.453
7854.252,3289.337,18.328
7858.697,3269.947,18.260
7863.142,3277.873,18.306
7867.588,3275.873,18.295
7872.034,3317.573,18.415
7876.481,3398.299,18.604
7880.928,3384.219,18.552
7885.376,3366.482,18.530
7889.825,3356.730,18.478
7894.274,3204.057,18.112
7898.723,3169.232,17.979
7903.173,3112.474,17.816
7907.624,3034.968,17.622
7912.076,2934.257,17.321
7916.528,2859.628,17.129
7920.980,2787.505,16.873
7925.433,2781.984,16.898
7929.887,2712.649,16.669
7934.341,2719.630,16.727
7938.796,2786.104,16.909
7943.251,2825.227,16.999
7947.707,2839.964,17.077
7952.164,2877.940,17.155
7956.621,2825.854,17.027
7961.079,2953.335,17.349
7965.537,2831.917,17.021
7969.996,2874.008,17.165
7974.456,2879.747,17.173
7978.916,2863.812,17.115
7983.377,2884.040,17.174
7987.838,2894.096,17.222
7992.300,2885.730,17.186
7996.763,2868.792,17.113
8001.226,2830.154,17.010
8005.690,2828.323,16.996
8010.154,2776.300,16.872
8014.619,2695.936,16.640
8019.085,2711.602,16.704
8023.551,2746.680,16.773
8028.018,2730.797,16.703
8032.485,2754.857,16.771
8036.954,2813.864,16.967
8041.422,2903.216,17.222
8045.892,2947.567,17.327
8050.362,2949.316,17.358
8054.832,3054.793,17.653
8059.304,3033.229,17.616
8063.776,3018.304,17.553
8068.248,2902.005,17.203
8072.721,2813.905,17.004
8077.195,2745.606,16.766
8081.670,2592.095,16.274
8086.145,2571.375,16.265
8090.620,2532.623,16.139
8095.097,2500.698,16.031
8099.574,2508.695,16.061
8104.052,2548.219,16.175
8108.530,2614.669,16.360
8113.009,2676.128,16.556
8117.489,2671.684,16.502
8121.969,2710.227,16.666
8126.450,2751.800,16.810
8130.931,2702.611,16.630
8135.414,2604.251,16.351
8139.897,2453.518,15.885
8144.380,2366.280,15.586
8148.865,2240.012,15.224
8153.350,2182.922,14.970
8157.835,2065.349,14.603
8162.321,1945.345,14.215
8166.808,1896.266,14.062
8171.296,1867.170,13.927
8175.784,1927.716,14.118
8180.273,1907.626,14.078
8184.763,1910.479,14.073
8189.254,1898.984,14.005
8193.745,1888.775,14.016
8198.236,1912.248,14.096
8202.729,1991.277,14.363
8207.222,2079.118,14.638
8211.716,2134.885,14.830
8216.210,2180.349,14.969
8220.706,2126.348,14.785
8225.201,1998.760,14.345
8229.698,1900.855,14.004
8234.195,1841.978,13.830
8238.693,1881.109,13.948
8243.192,2026.588,14.479
8247.692,2136.956,14.844
8252.192,2114.239,14.778
8256.693,2073.349,14.643
8261.194,2066.499,14.601
8265.696,2037.943,14.504
8270.199,1971.413,14.275
8274.703,1937.930,14.180
8279.208,1922.231,14.090
8283.713,1963.833,14.218
8288.219,1952.429,14.210
8292.725,2016.136,14.405
8297.233,2113.477,14.738
8301.741,2145.713,14.889
8306.250,2176.243,14.978
8310.759,2244.781,15.231
8315.269,2294.971,15.382
8319.780,2310.300,15.418
8324.292,2235.162,15.151
8328.805,2139.082,14.845
8333.318,2137.352,14.834
8337.832,2061.851,14.568
8342.347,1979.336,14.299
8346.862,1910.115,14.053
8351.378,1887.866,13.991
8355.895,1878.624,13.912
8360.413,1831.897,13.769
8364.931,1864.248,13.906
8369.451,1908.016,14.064
8373.971,1956.112,14.214
8378.491,2023.150,14.458
8383.013,2129.006,14.817
8387.535,2197.060,15.064
8392.058,2229.406,15.145
8396.582,2274.561,15.310
8401.106,2238.789,15.216
8405.632,2264.041,15.271
8410.158,2137.091,14.819
8414.685,2047.530,14.536
8419.212,1980.008,14.301
8423.741,1871.972,13.922
8428.270,1772.772,13.532
8432.800,1773.642,13.541
8437.331,1689.602,13.239
8441.863,1647.334,13.109
8446.395,1669.783,13.179
8450.928,1665.485,13.182
8455.462,1674.683,13.203
8459.997,1755.747,13.468
8464.532,1795.737,13.676
8469.069,1821.885,13.741
8473.606,1846.200,13.805
8478.144,1870.609,13.906
8482.682,1916.477,14.069
8487.222,1870.723,13.895
8491.762,1867.699,13.926
8496.303,1822.480,13.741
8500.845,1749.631,13.460
8505.388,1707.789,13.333
8509.932,1586.431,12.856
8514.476,1581.033,12.813
8519.021,1579.145,12.815
8523.567,1589.349,12.848
8528.114,1542.258,12.704
8532.662,1582.541,12.844
8537.210,1590.643,12.833
8541.759,1531.629,12.665
8546.309,1560.788,12.754
8550.860,1468.193,12.396
8555.412,1500.745,12.555
8559.965,1528.706,12.650
8564.518,1509.607,12.556
8569.073,1535.132,12.673
8573.628,1610.580,12.941
8578.184,1687.740,13.182
8582.740,1707.379,13.320
8587.298,1709.150,13.315
8591.857,1784.912,13.568
8596.416,1749.930,13.525
8600.976,1779.608,13.589
8605.537,1679.031,13.198
8610.099,1647.509,13.115
8614.662,1559.583,12.758
8619.225,1560.661,12.766
8623.790,1506.243,12.530
8628.355,1489.398,12.471
8632.921,1436.717,12.277
8637.488,1393.972,12.106
8642.056,1386.467,12.102
8646.625,1324.352,11.832
8651.195,1305.838,11.774
8655.765,1296.899,11.788
8660.336,1312.414,11.795
8664.909,1313.140,11.758
8669.482,1325.996,11.768
8674.056,1298.966,11.671
8678.631,1380.844,12.015
8683.206,1438.957,12.260
8687.783,1537.307,12.655
8692.360,1621.464,13.025
8696.939,1653.903,13.076
8701.518,1647.929,13.082
8706.098,1597.849,12.918
8710.679,1552.605,12.714
8715.261,1474.392,12.443
8719.844,1411.790,12.147
8724.428,1307.972,11.751
8729.013,1315.883,11.756
8733.598,1253.705,11.493
8738.185,1202.013,11.284
8742.772,1199.693,11.233
8747.360,1179.441,11.179
8751.949,1209.534,11.316
8756.540,1160.515,11.154
8761.131,1189.702,11.248
8765.722,1204.986,11.279
8770.315,1219.436,11.356
8774.909,1321.985,11.782
8779.504,1425.048,12.219
8784.099,1438.364,12.282
8788.696,1463.007,12.385
8793.293,1427.988,12.224
8797.892,1389.497,12.079
8802.491,1346.848,11.876
8807.091,1284.179,11.659
8811.692,1285.834,11.639
8816.294,1227.482,11.379
8820.897,1201.478,11.245
8825.501,1155.703,11.076
8830.106,1165.764,11.049
8834.712,1125.016,10.924
8839.319,1121.104,10.922
8843.926,1083.991,10.752
8848.535,1099.166,10.835
8853.145,1064.786,10.659
8857.755,1093.527,10.764
8862.367,1092.877,10.763
8866.979,1056.862,10.660
8871.592,1061.158,10.622
8876.207,1039.890,10.523
8880.822,1003.282,10.340
8885.438,1041.229,10.538
8890.056,1080.402,10.719
8894.674,1126.327,10.978
8899.293,1180.737,11.174
8903.913,1223.292,11.349
8908.534,1246.427,11.440
8913.156,1235.554,11.401
8917.779,1216.377,11.333
8922.403,1198.849,11.251
8927.028,1165.827,11.094
8931.654,1094.022,10.773
8936.281,1066.898,10.638
8940.909,1039.735,10.560
8945.538,1004.649,10.375
8950.168,958.242,10.134
8954.799,937.263,10.048
8959.431,964.680,10.178
8964.063,958.705,10.109
8968.697,963.593,10.160
8973.332,1006.928,10.322
8977.968,972.216,10.205
8982.605,1023.639,10.400
8987.243,1064.773,10.580
8991.881,1047.616,10.549
8996.521,1097.830,10.812
9001.162,1161.396,11.060
9005.804,1121.014,10.942
9010.447,1039.186,10.470
9015.091,957.576,10.128
9019.736,1002.116,10.344
9024.382,950.114,10.062
9029.028,878.024,9.708
9033.676,811.860,9.335
9038.325,790.310,9.230
9042.975,740.937,8.985
9047.626,717.721,8.892
9052.278,783.101,9.162
9056.931,788.156,9.218
9061.585,843.603,9.550
9066.240,826.914,9.536
9070.897,855.897,9.613
9075.554,857.063,9.649
9080.212,878.433,9.755
9084.871,880.401,9.746
9089.531,902.980,9.873
9094.193,910.403,9.900
9098.855,896.189,9.879
9103.519,926.133,9.968
9108.183,923.409,9.994
9112.848,947.179,10.072
9117.515,915.067,9.932
9122.183,930.638,9.993
9126.851,896.130,9.790
9131.521,851.393,9.571
9136.192,852.108,9.523
9140.864,814.190,9.395
9145.536,814.793,9.406
9150.210,765.369,9.163
9154.885,734.009,9.025
9159.561,713.711,8.889
9164.239,697.518,8.770
9168.917,659.991,8.624
9173.596,723.617,8.991
9178.276,716.632,8.903
9182.958,690.694,8.780
9187.640,679.785,8.664
9192.324,702.561,8.795
9197.009,717.885,8.932
9201.694,729.416,8.895
9206.381,725.401,8.924
9211.069,738.442,8.958
9215.758,763.431,9.119
9220.448,812.368,9.355
9225.139,821.172,9.422
9229.832,835.983,9.552
9234.525,851.127,9.560
9239.219,845.877,9.592
9243.915,824.220,9.471
9248.612,771.360,9.190
9253.309,717.027,8.876
9258.008,721.463,8.828
9262.708,686.362,8.684
9267.409,653.307,8.480
9272.111,622.022,8.348
9276.815,639.258,8.375
9281.519,653.396,8.503
9286.225,624.904,8.338
9290.931,606.633,8.218
9295.639,612.689,8.285
9300.348,604.845,8.175
9305.058,594.737,8.170
9309.769,611.952,8.277
9314.481,592.647,8.155
9319.195,617.948,8.291
9323.909,587.465,8.096
9328.625,626.545,8.384
9333.342,630.680,8.416
9338.059,625.976,8.332
9342.779,635.264,8.359
9347.499,631.878,8.356
9352.220,584.672,7.986
9356.942,577.000,8.016
9361.666,503.970,7.534
9366.391,497.374,7.527
9371.117,469.731,7.343
9375.844,454.056,7.237
9380.572,411.692,6.932
9385.301,432.876,7.051
9390.032,426.608,6.979
9394.763,429.177,7.043
9399.496,399.830,6.858
9404.230,401.526,6.879
9408.965,399.898,6.869
9413.702,414.103,6.893
9418.439,398.596,6.946
9423.178,430.110,7.170
9427.917,454.901,7.238
9432.658,469.814,7.372
9437.401,520.847,7.609
9442.144,513.378,7.626
9446.888,517.496,7.643
9451.634,501.706,7.562
9456.381,512.106,7.576
9461.129,497.564,7.473
9465.878,506.794,7.562
9470.628,497.456,7.473
9475.380,464.521,7.318
9480.133,432.887,7.039
9484.887,441.500,7.129
9489.642,420.432,7.050
9494.398,412.022,6.911
9499.156,427.644,7.011
9503.914,432.672,7.116
9508.674,425.731,6.998
9513.435,407.872,6.912
9518.198,399.003,6.976
9522.961,390.493,6.803
9527.726,412.159,6.881
9532.492,414.230,6.924
9537.259,395.493,6.865
9542.028,388.326,6.812
9546.797,389.811,6.840
9551.568,397.119,6.782
9556.340,409.405,6.909
9561.113,399.472,6.880
9565.888,430.102,7.039
9570.663,413.908,6.934
9575.440,394.076,6.804
9580.218,397.632,6.821
9584.998,401.574,6.850
9589.778,406.318,6.894
9594.560,408.535,6.954
9599.343,416.034,6.956
9604.127,409.525,6.960
9608.913,425.027,6.907
9613.700,416.166,7.009
9618.488,431.916,7.095
9623.277,448.336,7.171
9628.067,441.014,7.129
9632.859,443.629,7.159
9637.652,472.924,7.301
9642.446,443.156,7.228
9647.242,420.427,7.050
9652.039,443.100,7.146
9656.837,436.053,7.124
9661.636,410.371,7.036
9666.436,403.932,6.892
9671.238,410.784,6.990
9676.041,415.529,6.944
9680.845,427.984,7.081
9685.651,420.197,6.950
9690.458,396.774,6.825
9695.266,412.940,6.955
9700.075,403.860,6.935
9704.886,433.114,7.136
9709.698,441.019,7.102
9714.511,456.484,7.253
9719.325,448.862,7.193
9724.141,482.634,7.436
9728.958,496.191,7.483
9733.776,487.683,7.503
9738.596,494.767,7.536
9743.417,525.005,7.652
9748.239,500.687,7.611
9753.062,494.177,7.617
9757.887,478.640,7.436
9762.713,489.312,7.497
9767.541,445.627,7.276
9772.369,458.633,7.330
9777.199,438.040,7.156
9782.030,441.149,7.151
9786.863,423.988,7.049
9791.697,432.252,7.097
9796.532,435.244,7.115
9801.368,419.496,7.006
9806.206,420.355,6.993
9811.045,419.678,7.105
9815.886,414.505,7.033
9820.727,450.460,7.270
9825.570,458.899,7.292
9830.415,479.649,7.371
9835.260,489.093,7.481
9840.107,464.000,7.333
9844.956,481.360,7.394
9849.805,487.268,7.466
9854.656,503.225,7.532
9859.509,488.974,7.518
9864.362,494.570,7.475
9869.217,500.348,7.562
9874.074,451.848,7.286
9878.931,491.590,7.489
9883.790,499.464,7.471
9888.651,468.471,7.290
9893.512,466.284,7.287
9898.375,459.436,7.307
9903.240,450.136,7.141
9908.105,453.911,7.263
9912.972,474.934,7.320
9917.841,457.380,7.254
9922.710,442.718,7.151
9927.582,459.934,7.255
9932.454,447.928,7.246
9937.328,426.182,7.025
9942.203,420.824,7.080
9947.080,441.841,7.194
9951.958,433.672,7.068
9956.837,422.618,7.102
9961.718,443.595,7.145
9966.600,443.710,7.205
9971.483,439.561,7.143
9976.368,446.802,7.252
9981.254,439.429,7.161
9986.141,416.210,7.040
9991.030,433.521,7.093
9995.921,414.513,6.922
10000.812,408.211,6.939
10005.705,411.459,6.955
10010.600,406.345,6.885
10015.496,402.155,6.906
10020.393,408.041,6.852
10025.291,388.374,6.767
10030.191,380.627,6.766
10035.093,386.151,6.742
10039.996,388.685,6.810
10044.900,392.092,6.891
10049.805,390.431,6.829
10054.712,390.429,6.759
10059.621,378.602,6.750
10064.531,361.441,6.736
10069.442,387.564,6.766
10074.354,378.420,6.724
10079.268,390.403,6.808
10084.184,333.883,6.561
10089.101,372.156,6.694
10094.019,354.053,6.663
10098.939,343.323,6.528
10103.860,351.844,6.519
10108.782,332.403,6.442
10113.706,314.640,6.250
10118.632,330.950,6.394
10123.558,326.697,6.341
10128.487,330.116,6.369
10133.416,327.345,6.338
10138.347,311.805,6.198
10143.280,331.649,6.365
10148.214,296.320,6.120
10153.149,322.269,6.315
10158.086,320.725,6.345
10163.025,323.464,6.246
10167.964,315.216,6.188
10172.905,336.590,6.294
10177.848,332.765,6.347
10182.792,323.559,6.311
10187.738,311.442,6.224
10192.685,327.087,6.287
10197.633,305.232,6.158
10202.583,290.016,6.036
10207.534,305.093,6.231
10212.487,292.187,6.053
10217.441,291.030,6.078
10222.397,290.341,6.074
10227.354,286.699,6.022
10232.313,297.155,6.056
10237.273,300.784,6.102
10242.235,315.983,6.185
10247.198,290.242,5.972
10252.162,273.800,5.868
10257.128,288.155,6.019
10262.096,285.166,6.038
10267.065,285.370,5.904
10272.035,257.415,5.861
10277.007,264.684,6.001
10281.981,265.898,5.896
10286.956,283.447,6.001
10291.932,280.383,6.007
10296.910,271.633,5.883
10301.889,257.753,5.788
10306.870,286.151,5.996
10311.853,290.323,5.985
10316.837,273.825,5.910
10321.822,271.563,5.902
10326.809,256.340,5.840
10331.797,292.955,5.980
10336.787,248.328,5.755
10341.779,248.844,5.746
10346.771,253.346,5.744
10351.766,256.386,5.759
10356.762,247.708,5.807
10361.759,254.912,5.754
10366.758,249.780,5.710
10371.759,260.811,5.758
10376.761,247.321,5.657
10381.764,244.419,5.655
10386.769,242.713,5.637
10391.776,238.912,5.681
10396.784,247.886,5.713
10401.794,247.230,5.706
10406.805,251.386,5.743
10411.817,252.174,5.633
10416.832,251.622,5.744
10421.847,247.504,5.721
10426.865,241.079,5.723
10431.883,244.279,5.771
10436.904,237.200,5.645
10441.926,242.349,5.712
10446.949,241.357,5.610
10451.974,221.931,5.603
10457.001,242.612,5.712
10462.029,241.746,5.570
10467.058,211.645,5.530
10472.090,227.231,5.473
10477.122,228.157,5.494
10482.157,235.861,5.636
10487.193,224.621,5.507
10492.230,215.714,5.454
10497.269,223.040,5.490
10502.310,208.448,5.336
10507.352,226.676,5.532
10512.395,209.805,5.492
10517.441,229.640,5.515
10522.488,227.835,5.442
10527.536,204.213,5.416
10532.586,211.463,5.413
10537.637,227.814,5.435
10542.691,211.237,5.361
10547.745,197.305,5.387
10552.802,217.096,5.488
10557.860,227.454,5.532
10562.919,220.512,5.458
10567.980,220.627,5.476
10573.043,217.325,5.365
10578.107,229.755,5.435
10583.173,218.592,5.454
10588.240,208.135,5.436
10593.309,198.986,5.228
10598.380,214.748,5.365
10603.452,220.238,5.527
10608.526,221.905,5.444
10613.601,216.341,5.432
10618.678,202.136,5.356
10623.757,198.305,5.328
10628.837,213.750,5.436
10633.919,211.829,5.335
10639.003,213.529,5.387
10644.088,197.445,5.279
10649.174,199.576,5.246
10654.263,224.689,5.404
10659.353,222.890,5.441
10664.444,209.814,5.312
10669.537,232.144,5.502
10674.632,228.669,5.484
10679.729,191.839,5.237
10684.827,195.095,5.246
10689.926,226.064,5.499
10695.028,224.260,5.450
10700.131,211.653,5.482
10705.235,203.290,5.304
10710.342,191.821,5.276
10715.449,202.327,5.254
10720.559,222.998,5.459
10725.670,223.309,5.418
10730.783,208.665,5.330
10735.897,215.265,5.389
10741.013,210.727,5.277
10746.131,200.294,5.232
10751.251,212.591,5.421
10756.372,196.296,5.408
10761.494,206.281,5.421
10766.619,211.422,5.439
10771.745,209.451,5.394
10776.873,212.707,5.377
10782.002,219.558,5.376
10787.133,236.294,5.615
10792.266,192.177,5.245
10797.400,213.457,5.387
10802.536,210.552,5.400
10807.674,187.958,5.177
10812.813,213.840,5.412
10817.954,217.605,5.348
10823.097,196.257,5.170
10828.241,191.801,5.306
10833.387,200.918,5.243
10838.535,203.178,5.270
10843.685,195.396,5.204
10848.836,215.470,5.417
10853.989,174.365,5.138
10859.143,201.503,5.314
10864.299,195.154,5.265
10869.457,181.004,5.196
10874.617,197.106,5.258
10879.778,208.195,5.268
10884.941,210.540,5.310
10890.106,194.549,5.106
10895.272,191.301,5.107
10900.440,189.031,5.236
10905.610,201.210,5.257
10910.782,217.936,5.308
10915.955,192.352,5.160
10921.130,190.064,5.094
10926.307,188.198,5.165
10931.485,189.248,5.152
10936.665,200.964,5.161
10941.847,176.521,5.182
10947.030,178.113,5.075
10952.216,191.690,5.188
10957.403,193.700,5.153
10962.591,201.165,5.126
10967.782,173.723,4.997
10972.974,183.700,5.084
10978.168,181.578,5.097
10983.363,183.405,5.008
10988.561,177.231,5.040
10993.760,179.680,4.923
10998.961,161.684,5.111
11004.163,191.322,5.100
11009.368,164.972,4.983
11014.574,188.190,5.090
11019.782,178.859,4.977
11024.991,184.496,5.049
11030.202,180.288,5.019
11035.415,164.526,5.022
11040.630,176.939,5.025
11045.847,167.496,4.900
11051.065,175.019,4.948
11056.285,181.873,5.042
11061.507,169.842,4.941
11066.731,159.864,4.922
11071.956,171.520,5.060
11077.183,180.013,5.116
11082.412,194.789,5.118
11087.643,188.134,5.043
11092.875,200.739,5.211
11098.109,148.723,4.805
11103.345,165.150,4.954
11108.583,156.118,4.858
11113.823,138.957,4.799
11119.064,141.012,4.804
11124.307,146.456,4.722
11129.552,137.909,4.709
11134.799,122.502,4.804
11140.047,168.271,4.891
11145.298,172.634,4.897
11150.550,140.211,4.821
11155.803,163.696,4.862
11161.059,147.390,4.791
11166.316,135.293,4.735
11171.576,160.251,4.857
11176.837,166.353,4.939
11182.100,124.366,4.708
11187.364,146.001,4.827
11192.631,163.406,4.921
11197.899,151.723,4.759
11203.169,141.861,4.832
11208.441,162.342,4.982
11213.714,147.806,4.851
11218.990,148.859,4.882
11224.267,156.001,4.807
11229.546,134.018,4.609
11234.827,124.912,4.617
11240.110,132.850,4.701
11245.395,137.482,4.623
11250.681,161.846,4.938
11255.969,150.630,4.787
11261.259,166.014,4.802
11266.551,139.749,4.745
11271.845,141.017,4.721
11277.141,150.902,4.773
11282.438,151.473,4.823
11287.737,136.192,4.674
11293.038,157.710,4.806
11298.341,144.728,4.797
11303.646,183.494,4.828
11308.953,149.233,4.851
11314.261,143.832,4.768
11319.571,196.585,4.980
11324.884,164.143,4.917
11330.198,158.662,4.764
11335.513,148.432,4.863
11340.831,133.593,4.648
11346.151,144.208,4.595
11351.472,147.382,4.784
11356.795,149.513,4.802
11362.121,146.279,4.713
11367.448,158.226,4.800
11372.777,123.324,4.610
11378.107,132.025,4.812
11383.440,178.467,4.854
11388.774,151.173,4.696
11394.111,146.794,4.735
11399.449,136.699,4.766
11404.789,128.073,4.674
11410.131,182.579,4.813
11415.475,147.864,4.868
11420.821,165.242,4.796
11426.168,147.874,4.673
11431.518,151.461,4.757
11436.869,161.140,4.624
