x_pix,ap_summed,ap_std
0,17.655717846192136,3.099723550721531
1,4.7887384046910935,2.9048728183687658
2,13.174076892079091,2.9896966553310547
3,-2.4619076739518637,2.8355424786649492
4,19.629809175092458,2.90142828463805
5,8.846416974912803,3.0741342111744836
6,2.637276297170928,3.0443859957137
7,14.469649388559713,3.1353311066478073
8,-4.286501207707662,2.9746068800595644
9,2.3172174077137666,3.0232930966602236
10,-2.557135624984787,2.8245860034521337
11,-1.4525002467200099,2.783574337232203
12,3.3304761592451335,2.9134663359815396
13,2.586294653956245,2.964504358387367
14,3.6479256251648486,2.840472863960805
15,6.8775728318083935,2.939096135021394
16,8.234671102887035,2.9048728183687658
17,5.03350703347936,3.017993719492752
18,-2.1731453657306563,2.9168966541339265
19,2.8459171962416656,2.9930396073052052
20,-1.4376616995597922,2.9732643926017355
21,-6.44229368292851,2.8422325891625575
22,8.559663689422033,2.9963788296705234
23,-9.583590204853296,2.875462761173877
24,-10.623099879472537,2.838712047900896
25,3.2323337206519405,2.9339880863591956
26,-0.32601136648701756,2.954367291129811
27,1.4339815692198123,3.0166705402336143
28,-13.151198982582121,2.8032634715448523
29,-13.441764478178055,2.8298915334156707
30,5.63819293566296,2.8562713615652306
31,9.897957049368301,2.871982954492888
32,-8.348332987433725,2.843991225531066
33,-0.9034299669652519,2.964504358387367
34,-10.644621712362927,2.840472863960805
35,-0.32807124897019263,2.9220345807155836
36,18.87522142367039,2.97124318945752
37,6.245467011529468,2.8858770055041667
38,-2.2846352437945994,2.873723384547945
39,-6.121913193439762,2.9407968462472374
40,2.6959729382288637,2.9980470461448228
41,-1.0658535768782544,2.8962538029146714
42,-0.7347565988315058,2.954367291129811
43,-5.892727994354293,2.8927990063081976
44,-1.9708548832572519,2.9083132724824705
45,0.501568569129476,2.977966771288373
46,0.7867809783334614,2.9271634889253617
47,6.044425286507943,2.9065935544719177
48,8.227491659045734,3.0047106501122025
49,11.06750605295617,2.9424965744920923
50,-0.4290574776171244,2.897979656743245
51,3.2774575141873954,2.8945269200506147
52,-2.0129316198468836,2.9031510623627037
53,-2.373202921000439,2.9678756865639935
54,1.789735249452575,2.982999512386433
55,13.193236732217832,3.0080369164785354
56,2.8133028517459926,2.9530156024500385
57,1.336177293659577,3.0063742433199656
58,-5.703075594222477,2.9100319742053857
59,1.9651817670847884,2.9980470461448228
60,-1.5331403707355011,2.8789383617746482
61,3.6124304575807025,2.979645296154845
62,-6.218826647793994,2.9288711291037877
63,3.822288173641649,2.8927990063081976
64,18.1395506402465,3.0427431851698716
65,3.8416525542782196,2.9458930888438055
66,2.913437682377773,2.8910700598390378
67,3.797145423287104,3.0430742922763754
68,4.75085764927731,2.961129191862067
69,4.4852965663583015,2.9220345807155836
70,1.5663992530182973,2.9117496614402993
71,1.4051892341785668,3.077385440323224
72,12.0335536233357,3.055860941027536
73,-1.2343521034887068,2.865010661567893
74,10.471310797453421,2.981322875989398
75,-7.065980752738957,2.918610301307404
76,8.036792930988293,3.009698671112724
77,-9.161792069727984,2.8139449338780063
78,1.922053497240519,2.9930396073052052
79,6.757924134178208,2.959440165115304
80,5.705213490186267,3.0381410678757765
81,-2.444007588282518,2.937394439107165
82,4.189906683483628,2.939096135021394
83,-2.7319504038507225,2.966190501450926
84,2.2054614153124468,2.918610301307404
85,-0.4315602422523835,2.9729255104858745
86,8.437175386693852,2.9526743963562416
87,2.9233599572849966,2.9492856916375016
88,9.209611835621754,3.0932646331825047
89,-2.548306218915138,2.923745216481371
90,-4.43782179587105,3.0080369164785354
91,3.451369664328383,2.9762872997910828
92,0.7565555617376155,2.9134663359815396
93,-2.053737169758167,2.923745216481371
94,7.1192895790773205,2.959440165115304
95,-0.038900189435943845,2.9309215527395756
96,-4.408560842382614,3.019649994767224
97,-5.227289468935142,2.8228152775018236
98,-6.857824405046495,2.959440165115304
99,-6.825442951026261,2.9880237768293774
100,3.964628904177073,2.977966771288373
101,5.588630009319847,3.0887377920945904
102,4.537755067022048,3.041099487175271
103,8.386446642140097,2.9458930888438055
104,3.6178525195799542,3.022959822904978
105,11.157456886675746,3.036163054069675
106,3.918302882409759,2.982999512386433
107,2.894708311001575,3.1289456927715067
108,9.049881975282144,3.003046135326212
109,7.03290027545889,3.009698671112724
110,14.300909648799584,3.0964957760180614
111,3.7704038882681132,3.027917781396598
112,5.700963714385549,2.9880237768293774
113,19.114764724822585,3.046027920242639
114,4.114900744070953,3.065991054832575
115,4.431930873316337,2.97124318945752
116,5.454573915752102,2.9913685983003995
117,2.8767410444939165,2.9762872997910828
118,1.216848037782664,3.0013806974287176
119,-6.0947077918613894,2.9117496614402993
120,14.448661820570376,3.050948392041022
121,4.062671816677392,2.947589878340896
122,6.706974196812825,3.14011164583576
123,3.967743287509438,2.9997143348821895
124,1.664738717343468,2.982999512386433
125,9.207773165264765,3.0146784390541055
126,5.710542287465982,2.9913685983003995
127,5.76749386367892,3.03451579183528
128,3.3320599816120633,3.075432667267761
129,11.234096526455684,3.135009743349723
130,5.923066323763063,2.9746068800595644
131,13.773539200350285,3.1337359729743293
132,4.4988510620841895,2.9695599153574417
133,-1.723641616735921,2.979645296154845
134,-4.972657883608008,3.03451579183528
135,1.1612377448009572,3.027917781396598
136,16.449990823176893,3.146154174686564
137,8.839079649562736,3.1540903745608966
138,0.11487583952573317,3.060765605350677
139,13.579888012927915,3.05422430264997
140,-4.132323372597238,2.9930396073052052
141,0.7052763855055822,3.072507306470298
142,12.536678060006741,3.1334144460791804
143,10.737802317486063,3.036163054069675
144,-0.7097189528119341,3.027917781396598
145,1.8450694177957594,3.024613378747389
146,6.470141390522917,3.057496703333905
147,2.205559504886702,3.0786825251879573
148,-2.8357680414443847,3.0213053620740977
149,9.905984524373801,3.1158122682372404
150,7.879008965089914,2.9746068800595644
151,8.745652177379263,3.120622708835161
152,15.60089376629342,3.2261875473843262
153,0.04344065909756356,3.009698671112724
154,15.449357049673068,3.1875227290661576
155,14.86441109121794,3.138197904992242
156,1.96374122011215,3.024613378747389
157,5.673174064288785,3.0394549002901323
158,8.084905264196498,3.163587534887836
159,3.310215499129929,2.9913685983003995
160,7.954345327508351,2.9762872997910828
161,5.947373141492131,3.090030111649027
162,1.9074419370455875,3.017993719492752
163,0.5295183331104703,3.098110083728094
164,2.4280703540499573,3.0770580252731174
165,0.09711651552995448,3.0080369164785354
166,0.7860075786713068,3.0394549002901323
167,3.257750455761871,3.060765605350677
168,2.4810622152095947,3.041099487175271
169,16.273044205378262,3.06729295811432
170,7.15672050952781,3.06729295811432
171,4.453256365655337,3.1670650685316466
172,4.655755033689307,3.1922251092793195
173,-3.0328682848393362,3.0591315909744217
174,8.79227467102799,3.0689226270627445
175,12.245290447048578,3.032867634912163
176,3.1599378049301317,3.057496703333905
177,3.220471548036689,3.0262660310847918
178,3.361350261523711,3.1334144460791804
179,11.305319026424097,3.099723550721531
180,9.879477769520399,3.0964957760180614
181,2.688377191446911,3.0786825251879573
182,3.742030103077924,3.1174165732057206
183,7.202054537390703,3.088411580553618
184,4.110727125536008,3.0738064498106734
185,-3.2314528501622575,3.0591315909744217
186,0.7279417619251596,3.0964957760180614
187,5.235718375745399,3.055860941027536
188,5.9720498310067835,3.1222245420369266
189,0.8283827241423168,3.0738064498106734
190,5.787676761455695,3.1238255538518307
191,11.965228656479812,3.0819289561730163
192,16.534630583661063,3.1540903745608966
193,0.6821986195298522,2.9407968462472374
194,9.816880570222649,3.0851719710411114
195,18.19977003018225,3.1856374700988335
196,2.7208941158959528,3.088411580553618
197,-2.2587459350707646,3.112601177616191
198,6.520649847400994,3.0689226270627445
199,7.191810663886789,3.098110083728094
200,-2.193507686069119,3.141703542397558
201,8.666211785460504,3.14011164583576
202,9.730466761719113,3.2187421686605107
203,-1.2403001675739347,3.181242076345867
204,4.536213417278896,3.2665426904164847
205,6.646018407182845,3.206290870821511
206,5.834523215205428,3.1765234373939952
207,5.740544322225485,3.083550889947772
208,6.317816246873791,3.1318183361902867
209,10.887700144067658,3.1445645312026427
210,4.693405228962214,3.088411580553618
211,0.737913064958515,3.1793530931461036
212,9.655331628455725,3.046027920242639
213,-0.4565331708778899,3.139790771834597
214,-5.23739159999848,3.0640310198980845
215,10.938767230844624,3.1190200529810155
216,16.078598051771753,3.1222245420369266
217,6.085559698484926,3.1190200529810155
218,19.209074905674434,3.128623673581995
219,-2.609502717364111,3.057496703333905
220,-0.4139771828254329,3.027917781396598
221,1.8868751733103395,3.0738064498106734
222,-7.122585601295708,2.982999512386433
223,22.744895088723617,3.202855927277669
224,9.595007691434258,3.162006655732669
225,9.052954232661952,3.065662422853778
226,-2.679896748405583,3.1572592688750944
227,14.276931900746039,3.207535828466721
228,9.61819134148191,3.160424985804551
229,-1.0611690473588613,3.090030111649027
230,15.156442136531046,3.1509182932754216
231,12.705491069132016,3.168325439549684
232,15.306078135193133,3.1903426290757073
233,11.539846575452056,3.090030111649027
234,-2.6128523729776503,3.06729295811432
235,5.279930472712674,3.109386770875842
236,7.343154763865421,3.1302214124399725
237,12.874459359160777,3.136604229241824
238,3.8848518768767653,3.1699031674323583
239,-4.029298474585731,3.0738064498106734
240,0.12061653593277981,3.1045589205066952
241,12.35624186435513,3.0948806262758657
242,10.673207619327195,3.191909474107575
243,4.451361250900283,3.1158122682372404
244,15.656331866093916,3.099723550721531
245,15.958303004763158,3.1746316464902975
246,8.312293549351583,3.210651972870572
247,0.32562226647893483,3.138197904992242
248,10.507353147462705,3.165167624454935
249,11.990351338420549,3.2830300167524653
250,-3.815161642989922,3.072179371537036
251,6.3402917857562855,3.1334144460791804
252,11.780322762782566,3.163587534887836
253,6.322673013684893,3.0803061683699067
254,10.67672562841679,3.202855927277669
255,27.701407908701622,3.468181957582055
256,363.3595597758209,6.813096659441849
257,54.19513007935923,3.908744822944789
258,17.152828847150392,3.207535828466721
259,4.558576821738577,3.1464743997549647
260,9.848250957040735,3.181242076345867
261,4.568222214143847,3.1796699747479087
262,8.031429807825605,3.287902241295103
263,-2.03541066070012,3.215633864157013
264,-5.710102060207485,3.184383951145553
265,6.604266957269189,3.220295195834283
266,20.811355412673407,3.234238882382278
267,14.466664514177385,3.1780970954823524
268,10.465611979282247,3.25396467265668
269,9.462179606666568,3.1413828309993828
270,4.6727824908214135,3.099723550721531
271,4.291712776200332,3.109386770875842
272,3.2953235716209983,3.1556752194891184
273,8.796812547757417,3.207535828466721
274,4.617611768546387,3.196605401186968
275,6.973047778496586,3.17620624187059
276,2.3381612729413077,3.142974083713974
277,8.4334392495467,3.1714801104370336
278,8.230429056032532,3.205976620454007
279,7.879754937725359,3.1793530931461036
280,10.649061092833827,3.2122089114653947
281,-3.6376253093921536,3.109386770875842
282,15.057843781297816,3.2215347415320066
283,10.249590465020903,3.202855927277669
284,-3.379708664130741,3.0932646331825047
285,11.228353712176062,3.243190726876496
286,15.78113210601511,3.1477430153838317
287,13.731302397590252,3.15250473289061
288,12.136329486149451,3.258571173213453
289,1.924564861901554,3.0493091169800572
290,-7.220853334785926,3.0493091169800572
291,9.506468345139211,3.182496832818172
292,7.180511118610092,3.1493310545094646
293,10.482018987965919,3.168325439549684
294,5.881165322269866,3.2292856936012484
295,16.62857346524258,3.235473086103127
296,-1.7593831088296468,3.0948806262758657
297,8.256580585822416,3.072179371537036
298,11.485137494295609,3.142974083713974
299,5.4332956223344935,3.1540903745608966
300,16.051783212081112,3.2447320522498764
301,1.2483206243845828,3.0932646331825047
302,-2.674144019821638,3.0851719710411114
303,9.4226068083066,3.2601052269670214
304,14.404892901245418,3.168325439549684
305,15.732019095703624,3.2708234576170105
306,9.025736235603864,3.135009743349723
307,17.527295144234927,3.295191358767757
308,20.12489454318922,3.355336956387197
309,13.37948045726589,3.2277369922126082
310,18.740179718910724,3.3133496783312344
311,8.604179488545773,3.182496832818172
312,9.24756116443111,3.2447320522498764
313,5.147028131412775,3.2954971018517627
314,16.087892888092973,3.408856281557403
315,12.595377356257899,3.3422000461243138
316,20.723981304980008,3.3764331991486762
317,16.848240968649854,3.446781273639707
318,17.760892788219355,3.3731715181558277
319,28.7468340288544,3.34040208521335
320,17.154294603565166,3.25396467265668
321,22.73399782729595,3.389437429854355
322,26.589257392168406,3.4056256533708593
323,28.687721342714674,3.519699716012389
324,19.985716328594158,3.5040385401558716
325,32.5628147631517,3.5592535862028285
326,37.36291020517357,3.609471719088223
327,39.267394975439274,3.6862292509958863
328,50.015410679951515,3.740091722257316
329,43.39126915843828,3.6576339470889776
330,49.68237397976405,3.742764498455345
331,50.86618098181796,3.7865929396883544
332,47.48617269092228,3.7839511216316857
333,65.09118146194052,3.944399332078041
334,47.794007385206285,3.806348130544248
335,75.22148546098897,4.0259515758262285
336,69.68234545904063,4.044537809305
337,66.21398315384259,4.043301385118069
338,64.96132432506356,4.069187399333888
339,64.12107240407892,4.06303902158196
340,81.79648185564704,4.269459695429586
341,98.45476398261344,4.359849319746922
342,99.00289406232956,4.343764046411556
343,107.80438327282127,4.481995770959371
344,113.09850931077929,4.615006618727398
345,122.19605462475836,4.660288198266036
346,128.36212577019904,4.751661403224949
347,145.86853059855576,4.849565556923393
348,151.26733585330615,4.954622699146495
349,141.99094589015914,4.967724437898876
350,163.59672246353998,5.074276903254068
351,187.92218341016104,5.354277364023804
352,191.49628496108042,5.42386265413291
353,196.85631216765432,5.461527816545265
354,219.05294507727422,5.65228149430809
355,243.77791093015207,5.82325520205953
356,261.02277908563605,6.016668608816126
357,279.63174682370095,6.171734047114584
358,301.0503245507556,6.330110674254707
359,300.8647926053318,6.338793351128697
360,344.6295698938158,6.584700911271345
361,353.5270274912002,6.724454334062928
362,399.82796806123,7.029814086510233
363,421.3094400422486,7.24487999147658
364,480.097301726608,7.60843519331654
365,493.2640461620701,7.662785791792544
366,527.9759223573529,7.853552450381782
367,567.2880947012297,8.155261252154812
368,630.6311384912735,8.505779569851178
369,671.6928644794606,8.730308476273773
370,698.006775845554,8.845806130076426
371,779.0227954175692,9.326214992744788
372,854.3219108910822,9.72873507147243
373,956.8477907641172,10.241986432860458
374,950.1460903947352,10.283884776235956
375,976.5915638115351,10.343514204123165
376,990.2840325042729,10.43974549933559
377,1071.6672468797012,10.817499068218018
378,1230.4460898999941,11.523813869153635
379,1355.0423844395414,12.082147412231722
380,1481.2964715528153,12.558195972785967
381,1540.565206772748,12.806571988276087
382,1576.0951939115546,12.978762887536613
383,1615.4610109109547,13.108710313791274
384,1581.384986449572,13.003010654879034
385,1698.5898810247993,13.383881577886802
386,1750.8669189462064,13.633351975611049
387,1897.1081977819726,14.113053747892328
388,2096.7090408176496,14.851204870006262
389,2192.6112394563315,15.144249274589274
390,2395.57531153738,15.828717133453921
391,2570.5605834927674,16.36668219557335
392,2659.3155750864826,16.620417747183662
393,2806.9168563222906,17.062481826829814
394,2908.1539275393816,17.376946972667486
395,2800.699612009574,17.038729004561862
396,2770.156259467163,16.92448776450554
397,2743.8936792206428,16.893143167892045
398,2883.2007797189676,17.276293038389728
399,3033.3138444911992,17.755007776633423
400,3332.9159814997633,18.57229929621837
401,3453.032155981239,18.88836417343528
402,3737.1601050023164,19.599497471831093
403,3839.5033439787194,19.873305867190233
404,4098.266876411139,20.506298693106412
405,4304.2591563727165,21.004482523759012
406,4551.635409239238,21.60158063871479
407,4719.7554069459675,21.975856890935965
408,4928.175805646241,22.44322361183655
409,4935.402142324363,22.46549100489232
410,5137.7463579620835,22.936614529849383
411,5214.040868299342,23.06031842995447
412,5224.8161550435025,23.096715915707534
413,5086.225231886282,22.805882707996588
414,5029.3190099541425,22.64858243005283
415,4850.476127361313,22.283363437571488
416,4952.114190805423,22.49485021267974
417,5077.479942379521,22.768581117208374
418,5359.530795310418,23.391201039940164
419,5543.48321235857,23.78462289150067
420,5752.283376804004,24.237951359199023
421,6060.689442431256,24.848909152936628
422,6296.309137440457,25.319326335645222
423,6547.412007358396,25.81314173228237
424,6835.710072497331,26.362440821951555
425,7159.576455851027,26.94843754452005
426,7433.678874697131,27.48050738416046
427,7514.997219386585,27.618078971769517
428,7783.429729405264,28.10174880840866
429,7894.695032885864,28.305622870569334
430,8126.531792504863,28.705196151409552
431,8280.846387025016,28.95562615608403
432,8485.125835207238,29.335103307997702
433,8663.120931057385,29.634916670895127
434,8829.992082051362,29.904486052946936
435,8944.443840089854,30.103625796420232
436,9142.330616083807,30.421181536733542
437,9243.465295887585,30.600298790876174
438,9422.839327481932,30.891395016912035
439,9477.651293427818,31.0001336463393
440,9601.64865347053,31.183782421170427
441,9588.160121264807,31.168065164377747
442,9541.377221136067,31.087429711877075
443,9202.657243789414,30.530612278349377
444,8978.704170690417,30.17164705631593
445,8767.721960116205,29.822781327215232
446,8789.711382985048,29.86483360226368
447,8898.741579839236,30.021996954704953
448,9157.058513293763,30.46326149886636
449,9338.728083293234,30.758418378523846
450,9517.770244122634,31.066546334414348
451,9764.726693340333,31.465064772669916
452,9980.03339940891,31.802363137797062
453,10448.287417812144,32.51996749830629
454,10836.822350064718,33.11794507651249
455,11281.890946006384,33.76652611819726
456,11546.064567512787,34.15520876954052
457,11820.978418022276,34.580027271401875
458,12053.679983955823,34.89281138129884
459,12166.112079211834,35.061635530746386
460,12392.797752509927,35.39729207285351
461,12489.921223222384,35.52743005187538
462,12706.947080357444,35.82803770918661
463,12701.262511595116,35.825106923649194
464,12969.865564691216,36.17386191839209
465,13119.912257041515,36.38747430216746
466,13207.80424239064,36.52763729138387
467,13275.474936407376,36.59970336069539
468,13406.549932316766,36.80228642477119
469,13342.302473946704,36.70842254974868
470,13629.773214347824,37.09768572419172
471,13748.669142473105,37.247124534531494
472,13853.182385057074,37.40211606434718
473,13963.548802467185,37.54168731012096
474,14140.731180510975,37.78092489724011
475,14021.911764929933,37.64184222498811
476,14297.592555488494,37.99116063100597
477,14306.111203877712,38.01642126885299
478,14479.31750550886,38.22915492253128
479,14496.932226829294,38.25229778837995
480,14646.716021191209,38.45917687744887
481,14654.842238925257,38.46957611010158
482,14869.870295426532,38.736136695479814
483,14854.503786781375,38.71948199667575
484,15147.490121702198,39.081943223065274
485,15113.043751188952,39.06671583446576
486,15305.521225271194,39.30684782694865
487,15279.748059757325,39.26943195528677
488,15443.86033989154,39.47946663888581
489,15560.51590666167,39.63039598705642
490,15660.213863008737,39.775347718038844
491,15599.355535395724,39.676041713997854
492,15743.52743931863,39.86173962700195
493,15815.25331046755,39.954077214858785
494,15854.413047474533,39.99472822874157
495,15699.643468735958,39.81015305284442
496,15580.188613077224,39.67440341190901
497,15206.000194056378,39.16335386673232
498,14728.179201732815,38.562524373942345
499,14318.22632098395,38.03719608607997
500,13975.563952137003,37.59159861047276
501,13960.19540171803,37.56139355895755
502,14111.85648373838,37.760141499879175
503,14232.300804046357,37.94599169992659
504,14516.40892243786,38.30036926833601
505,14535.526965969993,38.341860754153515
506,14810.012904907537,38.70850405390136
507,15400.643270425138,39.45843745120804
508,16088.795710557111,40.325280979689374
509,16673.66500474442,41.03679185914632
510,17079.797590872473,41.542247003392795
511,17369.786364743428,41.875628784424215
512,17539.941022941093,42.08976462384766
513,17736.34005816098,42.304825801448445
514,17858.505429183515,42.46728506919548
515,17897.831185292223,42.50141528406217
516,18112.087502063277,42.775814441671514
517,18094.498752382035,42.747752001108935
518,18204.806285420644,42.86374110070554
519,18332.09336109821,43.02801762977599
520,18498.050913275732,43.204864322762475
521,18539.791469532753,43.264538610140214
522,18614.26999538106,43.34951327464143
523,18501.889262220768,43.25667926630884
524,18652.22318421075,43.39629346028181
525,18639.710414807756,43.39905858530687
526,18649.823614432455,43.3952564929728
527,18812.308218319406,43.58656084265995
528,18837.89641367959,43.60835110493055
529,18824.28152634826,43.593213761902184
530,18732.997949567187,43.50503747947929
531,18739.213316565092,43.49595712351778
532,18832.640456225436,43.592640274373124
533,18848.884730950864,43.644338534234855
534,18921.993576288216,43.714852008109304
535,18935.382734754377,43.71999869728838
536,19132.798946428848,43.95222731660931
537,18997.65709541481,43.818127368600514
538,19163.03497966721,43.98315911904121
539,19354.751479221788,44.21117829340107
540,19591.78987416641,44.480201057222054
541,19538.057248597106,44.42677442816323
542,19667.997213444673,44.55825721559246
543,19638.62349450013,44.53401268795456
544,19755.32504879156,44.65297622881254
545,19896.356046001973,44.82921241881122
546,19890.663902776003,44.81917319731476
547,19961.669671448493,44.88438799951379
548,20000.01299974719,44.934377553170776
549,19998.22476852932,44.92936997211176
550,20149.21751808965,45.09709842208141
551,20175.357975594354,45.12746709146102
552,20390.85102210656,45.34653554673055
553,20303.865279441812,45.24531231067919
554,20411.832090655345,45.360536660084804
555,20482.585647210777,45.454573874263716
556,20595.538587517727,45.5856149030689
557,20701.0991309232,45.66692770584526
558,20732.1370430206,45.728528142625564
559,20674.670392030683,45.671963895708465
560,20905.59720475618,45.92905709995468
561,20844.696989831944,45.84308329607529
562,21235.10291055054,46.26649204436076
563,21218.406787100415,46.253954275184924
564,21257.08763555161,46.284968252024306
565,21319.158219882713,46.358583736897074
566,21402.39007672271,46.463085197723345
567,21443.4035260098,46.48793699542816
568,21478.411099450495,46.519869798731136
569,21576.909232388945,46.626261764062725
570,21694.673916953052,46.7635358595872
571,21740.936317874366,46.80874155636848
572,21816.730020814353,46.881747899272035
573,21938.313290979237,47.02635735511414
574,22046.948984078612,47.109853386429656
575,22149.668194206686,47.23894882499925
576,22235.90216438512,47.317631873234085
577,22333.417174326903,47.42497534096246
578,22363.751634156706,47.46670713343088
579,22471.574416696818,47.57886385876504
580,22459.427541110486,47.564359410076136
581,22527.734463383895,47.645233613562
582,22683.499522440117,47.798936035134695
583,22553.205321443955,47.65677586756051
584,22763.636355024988,47.89518019687261
585,22892.590816432217,48.01341777139905
586,22841.100457876557,47.96861772128626
587,22757.89927031589,47.87899629368705
588,23046.819997815055,48.18410823176971
589,22925.680574013924,48.04298373426549
590,23110.201918998213,48.24394559000018
591,23154.822885231064,48.29594482035627
592,23070.112495610636,48.19894486491274
593,23216.447117117914,48.344061539044255
594,23321.9697490744,48.46171980120906
595,23251.530626208747,48.39440345836384
596,23378.52519565359,48.52842760785577
597,23325.882774247286,48.46502126370005
598,23409.945761536597,48.55232523876584
599,23515.268341803392,48.66660339586993
600,23619.55339685099,48.74759774687259
601,23450.455455247524,48.58917869331502
602,23575.849214231836,48.71609883899673
603,23716.97498965886,48.84883095930647
604,23845.278752004222,48.98508228114859
605,23747.266674264312,48.89364259380659
606,24009.674487183813,49.148939826723606
607,24053.656859552233,49.20201506128482
608,24188.13681017948,49.344587201545195
609,24090.81493011753,49.23269529581839
610,24091.287502857555,49.23797605599664
611,24175.692547317325,49.31975553559545
612,24138.919749834276,49.29065110232262
613,24070.04620949219,49.234726424454706
614,23969.400188003583,49.11515332451786
615,23540.041233115484,48.694129893560046
616,23258.112619941137,48.38541398077418
617,22250.18221704886,47.33231756517843
618,21461.206166471507,46.495250145481506
619,20524.657222175396,45.46392290696985
620,19920.298775349063,44.81917319731476
621,19663.647904127567,44.5236823060593
622,19508.163585777565,44.33450446425332
623,19500.960794194347,44.32175860783163
624,20614.077591940946,45.57124407003717
625,22149.661160769814,47.22783380688657
626,23377.87857586879,48.51379480200346
627,23857.637426382073,48.98691954073963
628,24283.35382490431,49.443081276260465
629,24420.861306712344,49.58213676406956
630,24519.547892809096,49.67573135939619
631,24516.151220096,49.68187079902384
632,24553.489509206334,49.7207027916028
633,24567.499843041474,49.72532841611907
634,24496.271132853286,49.65277722434968
635,24458.582404468332,49.623062038641855
636,24593.85119769781,49.742218347103275
637,24675.37248970902,49.813735917825895
638,24627.88351949308,49.78662758302573
639,24687.39116935037,49.85336785103789
640,24914.31089409933,50.06234399317413
641,24898.13839025101,50.05814904779139
642,24850.34473255654,49.997282787076514
643,24829.392020727624,49.98888162472629
644,24908.940244625635,50.060745960192186
645,24909.351983168457,50.06504055816691
646,24912.981451677464,50.07143183583727
647,24924.454795274236,50.09848586625047
648,24883.374793990442,50.060745960192186
649,25038.69288629913,50.18773043375141
650,24930.058151325655,50.11995910960337
651,25101.216111448728,50.26997415106073
652,24933.80408510082,50.11477128699994
653,25068.35863297313,50.24311197714881
654,24904.821787504883,50.07824179370032
655,25046.77426331969,50.202094589253086
656,24971.058405623313,50.13551935652321
657,24975.112550876755,50.14249994912812
658,24931.148869751207,50.09591102224126
659,24962.208599221743,50.130931580694906
660,25035.85350366419,50.20707421418135
661,24897.94716189733,50.063462736294156
662,25080.73744014623,50.2503761294213
663,25080.27839195635,50.24878407631685
664,25324.368031162558,50.50129009390071
665,25175.10668713534,50.35504245999912
666,25225.958728311703,50.3886921952566
667,25267.78621611731,50.43401928409349
668,25273.64814035649,50.45017642336163
669,25491.495474063377,50.66863231969374
670,25715.627992369853,50.88271122049525
671,25655.644584377784,50.8369973655832
672,25559.299912883507,50.7383513838232
673,25600.551416136794,50.76396656239851
674,25621.502536139375,50.78996260235199
675,25731.172293217656,50.90236046735272
676,25651.010428462323,50.81240302473712
677,25688.030369187065,50.85113849355684
678,25857.10888926079,50.99900279506353
679,25739.397785404628,50.89733083464101
680,25846.165827788856,50.99743411281491
681,25946.26673628182,51.09998322984948
682,25901.808502374588,51.054365984613874
683,25838.06210662033,50.998414544874805
684,25988.26114526151,51.13666283686195
685,25769.601347695334,50.93631598467736
686,25995.023663824355,51.13724949673083
687,25902.418274916618,51.0663126345627
688,25840.19484997719,51.010570336851735
689,25948.19179085861,51.12121170405586
690,26163.931219193288,51.32278525266237
691,26032.83113197436,51.1948072180265
692,25875.09880127592,51.011452499325074
693,25988.125675475272,51.14164923123714
694,25948.220418384855,51.113582207578624
695,26001.652921174456,51.15777835374497
696,26099.37905183185,51.24634900254747
697,25862.329208933494,51.03026833253866
698,26147.32434523143,51.30904682500833
699,26124.997030381506,51.2837039037831
700,26155.882219343846,51.325415595890675
701,26135.866805273778,51.29335518457433
702,26043.705636642702,51.20369406684343
703,26091.492577377074,51.241177641530626
704,26252.570503442676,51.403971501148604
705,26079.023330604767,51.228588562353515
706,26245.55170935401,51.39842688342609
707,26173.978555160444,51.31908305972446
708,26269.726048346136,51.42011557835025
709,26099.944840941673,51.25542201651351
710,26177.972251049025,51.34158437456813
711,26094.604054338,51.23971395403079
712,25978.227697998198,51.13852057002528
713,26040.812931396114,51.188946913282926
714,26066.32796811386,51.222048827540064
715,26165.83409604511,51.3285328651706
716,26134.19419917015,51.2889684638997
717,26075.367916852112,51.22429390524478
718,26099.682900141917,51.25834845262669
719,26016.02422722548,51.185235039910665
720,26089.028800467888,51.24634900254747
721,26033.44783159688,51.19812775962514
722,26209.00198242254,51.36251829973777
723,25976.52034858649,51.11583204928682
724,26015.16478891583,51.16364222854837
725,25860.63151939811,51.02870061142943
726,25986.506052208613,51.12600401059033
727,25985.79906709101,51.146439622821234
728,26098.974640515673,51.26068948122818
729,25979.740067711085,51.133240520144014
730,25925.532192518123,51.09822194647186
731,25985.357033264725,51.156703237121306
732,25961.155372665584,51.14223583390638
733,26035.757797238162,51.20486584389122
734,26029.13687357912,51.214531981566495
735,25932.436192583937,51.09998322984948
736,25905.343744486174,51.067291744235845
737,25881.732761871062,51.03271780035723
738,25707.93924575211,50.88809572081567
739,25710.14557871416,50.88465668638138
740,25697.126489491853,50.86332948294771
741,25569.940406903086,50.73951405059866
742,25637.492587499517,50.80785653903241
743,25496.36992963225,50.663283412061816
744,25564.78635486871,50.75971124908905
745,25363.256707717712,50.53650449022862
746,25216.501022723944,50.39859408843562
747,25163.276041186946,50.340920592405716
748,25057.35299339748,50.26189696072859
749,25094.268621986397,50.275623179537995
750,24935.664533308278,50.1184425744745
751,25011.58691449779,50.19579948651977
752,24902.318795155643,50.08640819714365
753,24757.528900093228,49.951459298912354
754,24843.090679587396,50.0361697783803
755,24865.58723535787,50.06184461334698
756,24772.49429953614,49.98177954105774
757,24809.89873660516,50.024776722049424
758,24665.03349460371,49.89036265744015
759,24700.992629343255,49.89958202320835
760,24680.57070358091,49.86971311418282
761,24658.195135695983,49.82608038056875
762,24586.57877130366,49.76643734577449
763,24522.34598129399,49.70813098569386
764,24445.708257505117,49.60784500551196
765,24600.243833610562,49.77608146580944
766,24578.092790912408,49.74251990089463
767,24372.124544127833,49.55026020205038
768,24603.74569868831,49.76402602373423
769,24467.482471189793,49.63575612490352
770,24625.446650980324,49.79124708310586
771,24568.852002814012,49.732165507756626
772,24673.778502971174,49.828488699647494
773,24502.91127820671,49.67049713955859
774,24443.426785819036,49.595446223326775
775,24459.126829467437,49.62860350736154
776,24514.850291042247,49.67703982818318
777,24269.449529907586,49.43853037956224
778,24368.747183495732,49.528358402948285
779,24525.807148087864,49.674624166579235
780,24413.213070953294,49.56599929478774
781,24306.595758525626,49.46421217497452
782,24452.058232521293,49.61782226267995
783,24292.092030627296,49.45147405377213
784,24200.931856500203,49.384393142883695
785,24083.790899575157,49.261529473727244
786,24022.84783948729,49.18219480758152
787,24243.003725264713,49.40322141410313
788,24104.651191424877,49.26883686561819
789,23974.89932776871,49.12431461192001
790,24121.548361654597,49.26883686561819
791,23899.95195782565,49.05046672653481
792,23968.648949299848,49.12828397258445
793,23950.91508153988,49.1109792825484
794,24001.097710031994,49.15829824242188
795,23862.56442166086,49.01314401352864
796,23691.55203907806,48.8314272379059
797,23631.559278680837,48.77487351178779
798,23645.613160205572,48.81278814092572
799,23457.037265612045,48.59175121449008
800,23448.602191770617,48.59977660536001
801,23434.0842260436,48.568799512556396
802,23508.418227958267,48.642350745938444
803,23316.361365006615,48.4434545226793
804,23268.904364652346,48.416301863018184
805,23213.22401294649,48.3504734836268
806,23174.457272332605,48.3139553968716
807,22986.646388129706,48.120352098575694
808,23057.653914779166,48.20765796106359
809,23011.67439546821,48.160131707574244
810,22907.141618209,48.03184658214691
811,22694.709940102577,47.807512862424645
812,22826.187561206574,47.93274753329813
813,22631.180773824835,47.73843615045321
814,22635.333911665224,47.74377745938101
815,22533.142650982896,47.65425779603432
816,22493.831367666266,47.59987695457728
817,22399.576820310605,47.503876537509
818,22394.148409142945,47.49187600096356
819,22208.38790197166,47.29321606838446
820,22286.603204862065,47.38552823479863
821,22132.559691324885,47.207714264629445
822,22107.264707041373,47.1801683558982
823,22157.36176428976,47.21999879384685
824,22026.822893525696,47.11473533928529
825,22057.86950920331,47.12481603243559
826,21987.076451464374,47.054843386105304
827,21892.087724304358,46.970930223819266
828,21940.850477389125,47.00806618114489
829,21823.414521979965,46.89678332349563
830,21680.14012756449,46.72427940686617
831,21675.791806754674,46.72267421810205
832,21807.193250739256,46.87929485488128
833,21766.995861869265,46.839388190826085
834,21784.047512715537,46.84536568424777
835,21764.9119459962,46.838427451088684
836,21733.117924094884,46.793570991012196
837,21662.529928293614,46.72299526026663
838,21719.50398009576,46.774440521409744
839,21719.27523456799,46.780853840977485
840,21746.2014986571,46.78619760240084
841,21671.21570705434,46.721283009897085
842,21781.434558603818,46.82390720658516
843,21620.355549222546,46.65563509471174
844,21639.380776061513,46.68284787896833
845,21462.869219085285,46.48804455008726
846,21515.1306114232,46.56294971424059
847,21431.798235418046,46.45264563069468
848,21357.459543535275,46.38155113933662
849,21358.210719573857,46.38424609811933
850,21247.752686248026,46.261088250179526
851,20970.380905897393,45.96649090468945
852,20805.320581379812,45.781964637735875
853,20756.146760752403,45.72820011864558
854,20639.880267288634,45.60655968269146
855,20395.60825279325,45.344219985472215
856,20369.194298811253,45.3106862240123
857,20400.289840471218,45.35502492658226
858,20555.60322284467,45.51854881354301
859,20550.33299026276,45.50206903087922
860,20615.426734781373,45.58945367177477
861,20256.19810855845,45.18659409704274
862,20374.24325613895,45.32657372988717
863,20246.10599232442,45.156708096260715
864,20270.62142776831,45.20794494434466
865,20147.22374566565,45.06493410725126
866,20250.49320336557,45.1823891144647
867,19873.681020204433,44.761459829756426
868,19955.723971780055,44.83813428423286
869,19914.440180668997,44.79127466472569
870,19964.98584411345,44.84326355307894
871,19780.326016989864,44.6384171548555
872,19930.23932891657,44.79986926421658
873,19686.710241592045,44.541534393090885
874,19844.551522595393,44.711388773900744
875,19665.702771332202,44.51930239896957
876,19681.435181055553,44.518853153365235
877,19628.53916774139,44.48368561721137
878,19617.09916530836,44.466260086619585
879,19692.110930033065,44.556573994090904
880,19682.862072710872,44.532440827905425
881,19596.792629116513,44.43588961741283
882,19496.490258956237,44.314086768102285
883,19310.645896005743,44.10553577603267
884,19409.804899889852,44.23017393240612
885,19228.851576648292,44.00668456144927
886,19201.498779093126,43.97520080785189
887,19018.711337119734,43.76937612179202
888,19115.38273778283,43.89041223423286
889,18979.36126276252,43.71942687285479
890,18968.341871302175,43.723658196574746
891,18843.312499486736,43.567743642411614
892,18887.378375035907,43.62119079175737
893,18866.086586825364,43.594704794170795
894,18811.572379702204,43.52491569309351
895,18678.7858876344,43.38684462012532
896,18734.519075892244,43.442816277157924
897,18511.778976679732,43.18192082447118
898,18551.043892338806,43.23769519864464
899,18374.590634688924,43.032061141559296
900,18431.676639534082,43.10325163080291
901,18283.643741569198,42.942523227545834
902,18435.054175649195,43.090605718048494
903,18144.429474539564,42.782125954051345
904,18386.653530935764,43.063561175874824
905,18093.400815104393,42.707262861816766
906,18042.417922116383,42.66216474990824
907,18103.691059310953,42.7366388611495
908,17951.525056262533,42.54139514811795
909,18002.066211201403,42.60305506824967
910,17832.954183650356,42.43418788133353
911,17952.325324582394,42.54515602449136
912,17790.35871358576,42.328480969062824
913,17743.719632010172,42.30343131648204
914,17653.263883426764,42.179738040299796
915,17688.68158751907,42.237546107087155
916,17716.12521563284,42.272334938447784
917,17562.775865163265,42.076956890301766
918,17625.596440847316,42.1540069406019
919,17530.96964889241,42.04188745939356
920,17617.422623666127,42.1375165517418
921,17633.992445172255,42.143923656303215
922,17554.286772924064,42.05235190983156
923,17477.347083824705,41.98223774515715
924,17422.280035018208,41.88004639551988
925,17425.93228967996,41.895802726417564
926,17272.576619730553,41.731861761619236
927,17332.086105162645,41.78801605832583
928,17376.388672145877,41.85317534059868
929,17295.766805123967,41.74695541103444
930,17159.45214907091,41.58242761180374
931,17120.60764689208,41.53983974560925
932,17072.786775161323,41.479371814082455
933,17061.622180266502,41.441142432260456
934,16984.25749972275,41.35490643310534
935,16776.00233481126,41.11421026957587
936,16861.583145916673,41.20192090292512
937,16848.842548513112,41.19900831441089
938,16706.96770539394,41.01838960869743
939,16659.67832254109,40.96410973145758
940,16580.20698782248,40.87050631067466
941,16561.423842694996,40.869527598088254
942,16278.819418786374,40.50417615618046
943,16019.3107954684,40.16638253677941
944,15696.672399409901,39.77459347486656
945,15644.961716011801,39.705645519131124
946,15891.853852630902,40.00972739335895
947,15718.031223948385,39.79206310422843
948,15859.610285497494,39.97959837330657
949,15898.224499119202,40.035213076626654
950,15876.000242947013,40.006977967485845
951,15787.9812591888,39.881051717462235
952,15910.020073622325,40.033839262440196
953,15966.453233073687,40.10870586407516
954,15948.008804107161,40.08725840077989
955,15982.09642360111,40.12104542619618
956,15937.971126294326,40.080397778601174
957,15872.341648480728,39.99372808442466
958,15890.53045416766,40.03246540110786
959,15829.580155049067,39.934675234573994
960,15783.59374060883,39.87791727373557
961,15775.225915255196,39.8619904933371
962,15825.924026104865,39.93179542784043
963,15810.010413732463,39.92378095935927
964,15775.646835424941,39.85935631807039
965,15547.111792431475,39.576739204877626
966,15631.60013832926,39.67667181217318
967,15593.235177042796,39.63657762838383
968,15697.040373061769,39.76327811047396
969,15610.94603728145,39.66684114081808
970,15633.383206450122,39.70476402260688
971,15467.54862064289,39.47984658140021
972,15438.792759304148,39.45058030106652
973,15282.711039764623,39.24854501877614
974,15500.252761811504,39.514532593602794
975,15267.270875518134,39.224205359585014
976,15310.120850824465,39.2704505460645
977,15266.565791998397,39.21630128009139
978,15350.190651833182,39.31765870561087
979,15187.676316750547,39.10368634912696
980,15109.535450657946,39.01459068208838
981,15019.750752140351,38.90768929261795
982,14952.710783500932,38.815052313386076
983,14977.697935175494,38.83076468588918
984,14793.687627055964,38.601532172841246
985,14648.086296983756,38.43147520055531
986,14711.25329932453,38.47828330488378
987,14558.967949833936,38.293710790296856
988,14576.028995733392,38.31081160835539
989,14426.481061520473,38.121100273875854
990,14357.555029380721,38.02904529554874
991,14407.475835609246,38.09617154112599
992,14458.743956812872,38.161869530866774
993,14447.072256118136,38.15413851852637
994,14356.461109094418,38.014974498096116
995,14467.07439573212,38.172742711140074
996,14422.85657696637,38.11978864173958
997,14289.294314891911,37.951393730545625
998,14264.344051162334,37.910398126251565
999,14189.523521872246,37.81769805383318
1000,14264.779456439599,37.89707490151315
1001,14258.68669093308,37.89192903628552
1002,14091.799337248365,37.675168030028715
1003,13872.288976270176,37.38165708059098
1004,13616.560708873647,37.054396312595586
1005,13199.738151929621,36.48997514511208
1006,12803.704534873166,35.93074291036713
1007,12183.905737306184,35.040380792606946
1008,11444.60277255377,33.98982621448509
1009,10874.830329308252,33.115831351347616
1010,10848.709572558579,33.09846350045418
1011,11850.704993526448,34.570338240909614
1012,12777.892271009103,35.90888867802647
1013,13120.920236075564,36.37551767454173
1014,13389.35352953988,36.72136007953542
1015,13440.976300356997,36.803237440351595
1016,13545.863088472455,36.940875545808304
1017,13558.651488764252,36.954272907079336
1018,13529.163938371168,36.930993570318385
1019,13490.994511968343,36.88506860629241
1020,13610.678698022068,37.01659473926387
1021,13435.01951698642,36.78625131881336
1022,13347.582756291562,36.67776282832553
1023,13320.388428333263,36.63029191926946
1024,13175.791644803752,36.45350855666568
1025,13063.132870966681,36.27462316952304
1026,13150.944505759422,36.39736647191521
1027,13113.033540558012,36.33879863301617
1028,13183.24663723687,36.44500358198498
1029,13127.414224568784,36.369606625462666
1030,13137.82450053704,36.36781937497625
1031,13068.767146985008,36.282479051063994
1032,13176.755103538799,36.43581049038017
1033,13056.919160988291,36.26910925416969
1034,13201.532634606026,36.469141559555496
1035,13046.119345116971,36.2522866325822
1036,12940.850918376122,36.1095317899706
1037,12852.531461726277,35.978441963082524
1038,12844.007474266631,35.96899061818246
1039,12741.095784298679,35.82385079930545
1040,12829.044811776332,35.953140142286564
1041,12660.04718682975,35.70081632247221
1042,12890.327128645222,36.06186747924873
1043,12819.348916833735,35.95355734959891
1044,12879.616103732635,36.03107389588739
1045,12760.506950737947,35.83864235836644
1046,12724.367261084011,35.78474935067867
1047,12545.199982814765,35.563862080641606
1048,12429.122062854587,35.39658579709204
1049,12251.37853484395,35.14638368439771
1050,12171.489000988406,35.042806481372146
1051,12243.406215868235,35.125464923483904
1052,12188.155595303,35.042663798445716
1053,12203.72642023046,35.07746122641856
1054,12352.068196840497,35.283257872408804
1055,12264.799516060091,35.15904273570169
1056,12097.99036205278,34.927614949934636
1057,12042.22857112837,34.852235022891975
1058,12022.491598157885,34.80802042763848
1059,11721.103431143976,34.38718200275937
1060,11613.616507440838,34.22014444871467
1061,11519.01947690938,34.06417892876471
1062,11452.243083825027,33.984677225050966
1063,11434.62899211184,33.95950950898581
1064,11443.849595411602,33.97275799947508
1065,11474.940592542382,34.02232041014983
1066,11446.122741373667,33.95980397603758
1067,11256.47039039494,33.679642012511025
1068,11258.977333089624,33.70857882039671
1069,11178.003494532208,33.561708628895786
1070,11131.879506001304,33.49683994186463
1071,10969.388449690246,33.27278596827891
1072,10987.666505700632,33.27293624089852
1073,10771.873022051097,32.966927155725294
1074,10701.948001806823,32.8526754784279
1075,10544.509603668495,32.598593314603285
1076,10292.980750409148,32.210375441632124
1077,9893.80074585343,31.59190222336885
1078,9301.41659352542,30.652541266441478
1079,8640.048485127823,29.54722129221118
1080,8014.797296031643,28.454846442933018
1081,8416.966316316846,29.15695947952903
1082,9060.972971071798,30.238523212797578
1083,9167.652254499399,30.42939838529342
1084,8911.480320169008,29.98963631141428
1085,8784.627401703498,29.7956085034506
1086,9002.551909379272,30.159878747947538
1087,9120.53828088893,30.344493505262164
1088,9386.664024129564,30.783246841275496
1089,9602.78814337378,31.11508132868847
1090,9862.910459948618,31.533447101306542
1091,9801.109284466882,31.435780348050816
1092,9944.77553956024,31.67109543560023
1093,9831.648905374017,31.486160230979227
1094,9834.935821786745,31.495210526219658
1095,9750.80922491792,31.33940468628748
1096,9508.004141441994,30.981095624443263
1097,9366.12722259665,30.754809153868894
1098,9389.333292043615,30.788931226836986
1099,9351.228446062374,30.706974551246457
1100,9428.180810085794,30.84458276733368
1101,9538.784507052225,31.020449482412367
1102,9643.862596796083,31.190996875555253
1103,9612.605223046481,31.144795489630333
1104,9630.38284522947,31.166781773081702
1105,9537.375399883396,31.021094211695658
1106,9344.072693313892,30.718207729144904
1107,9146.025531025552,30.381216007442788
1108,9227.90583397474,30.506397708485895
1109,8945.516156489222,30.051294500375747
1110,8997.822043849472,30.13719132812999
1111,8848.668470684754,29.901175581376616
1112,8895.163510639857,29.952801223730535
1113,8851.852125097621,29.886456818236475
1114,8729.6126286525,29.701015153497927
1115,8878.92717756938,29.920399414919473
1116,8959.664525886015,30.08721158812018
1117,8964.098886824113,30.096350296145765
1118,9008.968752866613,30.157591103208382
1119,8965.227886419547,30.098676069693056
1120,9046.428331433584,30.207785439325296
1121,8827.572827856147,29.876082426387722
1122,8868.927937129105,29.929923173110772
1123,8742.419361566757,29.723732961193036
1124,8671.257810122554,29.578206523525278
1125,8484.868987234871,29.274396682908996
1126,8504.929363402265,29.313653834831193
1127,8561.073453250758,29.405616829924064
1128,8649.028288176361,29.557576036412616
1129,8685.153492414662,29.626344714600105
1130,8865.308925197633,29.900506703872317
1131,8845.183187155824,29.888129769999217
1132,8814.374532138552,29.839408525443552
1133,8743.159663052018,29.710440945033337
1134,8696.66528965898,29.616351667464
1135,8450.675938340728,29.196203282120393
1136,8342.845182218294,29.016517470070347
1137,8138.696244325867,28.650275497643957
1138,8065.184903373831,28.54134345280365
1139,7997.8085418669525,28.415634536129893
1140,8110.928495529882,28.6076613180962
1141,8034.592055453267,28.48575584552563
1142,8187.504837225408,28.755839165131277
1143,8075.778125510471,28.545022089514976
1144,8043.399189576156,28.489968165845635
1145,7941.107432106665,28.310038609844703
1146,7634.848591422518,27.772617559223647
1147,7330.969366135812,27.212281897902237
1148,6977.711838834666,26.545588825469622
1149,6520.417724607831,25.667845372973904
1150,6422.70072121028,25.48506005664687
1151,6300.640020679328,25.254074643330288
1152,6260.668849757807,25.17753534583752
1153,6260.576455909506,25.16541845650292
1154,6369.2341272892345,25.368844792203245
1155,6399.31411634597,25.45188177897457
1156,6563.809218924236,25.76699994354985
1157,6806.490682342342,26.240584713205187
1158,6946.257711638456,26.489210748734997
1159,6982.066944653753,26.58530206882927
1160,6719.12477701069,26.071215661930644
1161,6604.798547827049,25.842373847827865
1162,6394.518129457802,25.46170234078817
1163,6272.498199176045,25.19321904979389
1164,6258.591406237932,25.16184186602598
1165,6166.684104728631,24.96053457141689
1166,6168.554339803727,24.992164493914842
1167,6144.7372803775415,24.9435018810691
1168,6118.263176644875,24.892735608825674
1169,6160.454475096149,24.96594252358396
1170,6221.602770162432,25.095782237079156
1171,6249.506496700842,25.156873535693933
1172,6336.828779934034,25.324657669767184
1173,6355.0867821086385,25.388743294832413
1174,6534.710853157525,25.72369114436919
1175,6435.005754307166,25.54287153181681
1176,6336.881059236905,25.32643453174761
1177,6284.773814185353,25.20889299614122
1178,6250.370442116759,25.157072287746395
1179,6066.1495352985785,24.783225901623418
1180,6052.621652169856,24.780804791025204
1181,6051.217771985453,24.736577897738762
1182,6120.03335230233,24.88851715331586
1183,6285.7992667621875,25.214049379084226
1184,6425.839340193913,25.498593806147383
1185,6449.7713935272,25.53151554629881
1186,6521.559238127373,25.691794139197395
1187,6512.506987842435,25.67427284444289
1188,6553.047864638165,25.740013327325567
1189,6384.387769631305,25.432229278828423
1190,6283.532895717085,25.24595583634927
1191,6053.910244213161,24.739609659226595
1192,5997.644432063929,24.66045997322227
1193,5929.092719108683,24.47178551088779
1194,5901.576702765515,24.43436690587456
1195,5789.053672545387,24.22268123249154
1196,5839.429219261156,24.33039839564691
1197,5901.2993953354535,24.44377806499842
1198,5946.738412919185,24.524442625488916
1199,5949.405094162812,24.52301543633853
1200,5947.760966173738,24.524646502873345
1201,5903.9525532352845,24.448073259275418
1202,5858.324211005638,24.360794036543588
1203,5754.01262118121,24.150119794545486
1204,5676.427483542285,23.989962194444946
1205,5537.154126804479,23.671888097295867
1206,5610.763413073183,23.829147825528672
1207,5441.01101022008,23.478890222727685
1208,5450.563428293411,23.499112453258693
1209,5302.526344836117,23.210305600980305
1210,5271.564076503042,23.1347851965584
1211,5321.069077668466,23.219997547176824
1212,5284.69832142041,23.150772904827555
1213,5241.767850109019,23.0642209079539
1214,5293.333117236561,23.160921529397264
1215,5355.777643450318,23.31455095194625
1216,5347.11203667573,23.286439961722312
1217,5324.397204616038,23.233774684516884
1218,5484.939633384083,23.591911454795216
1219,5448.808678056737,23.460568750371287
1220,5460.527941202341,23.52038022845077
1221,5282.924354246254,23.153364465902094
1222,5236.304519864505,23.06768922304308
1223,5125.869349557057,22.80610194862107
1224,5087.229251196585,22.706789427193307
1225,4969.254419081002,22.456364044317098
1226,4958.657139542097,22.450128865797133
1227,4952.337047802054,22.42160311152835
1228,5092.16003561214,22.704807554588474
1229,5077.1114514617975,22.71317428478234
1230,5212.587392088457,22.980824312693784
1231,5273.028408845681,23.094117997682822
1232,5345.2990911122015,23.248403947172328
1233,5258.2395025279275,23.086105910068458
1234,5257.970217128768,23.097365349556597
1235,5050.411707909702,22.64659546357681
1236,4956.076819367909,22.424947850349568
1237,4806.753097291281,22.08117492550833
1238,4724.1537778442835,21.905211391148406
1239,4745.827127898896,21.946942522613433
1240,4549.814128903352,21.4799507934934
1241,4430.207845034383,21.239545336256562
1242,4108.414926820955,20.43350890304692
1243,3435.1517272085757,18.709844630324906
1244,2902.9881971437044,17.233348081289883
1245,1986.2897941667204,14.336606505407676
1246,1270.0483139538098,11.594321286340898
1247,1146.352859848596,11.009009314688479
1248,1402.3806127333612,12.101581966457843
1249,1770.5204683751047,13.507712096831858
1250,2101.349074131693,14.745110582525237
1251,2233.0274192454153,15.157119980091789
1252,1871.6653810760222,13.931916095458575
1253,1827.3175239455409,13.765474423022903
1254,1947.4956122514127,14.176681067545312
1255,2186.5316270371973,15.01893092370085
1256,2430.17781803478,15.81765741476587
1257,2727.5825134719685,16.734045717963653
1258,2998.0761982146896,17.495950562655857
1259,3227.4275957326367,18.146577806597524
1260,3375.709621627837,18.547460367686405
1261,3537.6543207837285,18.985475661433867
1262,3690.278943618774,19.3770040535398
1263,3719.767018417985,19.465309812353304
1264,3765.1186193076164,19.55500667580806
1265,3787.877990133191,19.61678582466806
1266,3796.994590386028,19.66896759087517
1267,3833.563180474894,19.76204154663424
1268,3849.756176403771,19.784293924497224
1269,3809.4480910227894,19.70350948665993
1270,3891.1448598976917,19.904730244112773
1271,3852.557242959517,19.824184373913035
1272,3819.1750776009153,19.720504204783857
1273,3790.54695787773,19.645566575970715
1274,3793.7810259837315,19.612962195723973
1275,3803.9830984552864,19.685484146723386
1276,3908.2014101015275,19.93986675208482
1277,3851.4853142489983,19.784041197159333
1278,3862.0051974102144,19.83603503956619
1279,3887.3040250830295,19.907242051346483
1280,3895.973048465576,19.887138710505788
1281,3860.4058346534416,19.80803589684999
1282,3860.6087179134674,19.836539166167515
1283,3764.458574944413,19.56472044499736
1284,3635.3723624255663,19.250410023968264
1285,3625.991133067575,19.223898826484128
1286,3506.663700473416,18.888046116284706
1287,3504.590232916295,18.89836728637947
1288,3571.8298198188413,19.075593990513056
1289,3582.0937918780487,19.087385522666477
1290,3636.4672714993817,19.26053701460314
1291,3619.56096707884,19.178328553106443
1292,3728.6779528635316,19.478919017514748
1293,3783.066066405977,19.61347205598483
1294,3830.974012219969,19.750146482770646
1295,3817.2860536470216,19.69741825953081
1296,3818.138343612143,19.709091457773944
1297,3750.903590536327,19.527628788229713
1298,3663.9974897149878,19.311610137192027
1299,3551.3709420324076,19.05067678826392
1300,3468.554644669126,18.799156526049188
1301,3371.815032845721,18.544225141291232
1302,3333.9003218768476,18.452595646436784
1303,3289.336841748701,18.328346518191374
1304,3269.947170069007,18.26029260693535
1305,3277.8725737769246,18.305689992210013
1306,3275.8728234554264,18.295307761579135
1307,3317.573398615914,18.414893051302194
1308,3398.2991452690126,18.604254515860017
1309,3384.2186641575477,18.552312149457215
1310,3366.482423598344,18.529659632354228
1311,3356.7304745770516,18.477778169761045
1312,3204.0569966392864,18.1118272432932
1313,3169.231670368187,17.978550722761213
1314,3112.473994120386,17.815675291464473
1315,3034.9682394713236,17.62181279241434
1316,2934.2566426574185,17.32103594162017
1317,2859.627830556412,17.128872878590048
1318,2787.504925850074,16.87300465509619
1319,2781.984300438732,16.89758225578138
1320,2712.6491766984195,16.66908174108273
1321,2719.629521566638,16.727471001047878
1322,2786.103632639369,16.908527023099843
1323,2825.2265244074288,16.999361343618112
1324,2839.963857321404,17.076834779633423
1325,2877.9398975481818,17.15483273281607
1326,2825.853706806728,17.02728064286537
1327,2953.334649174889,17.349013980364926
1328,2831.9172956005177,17.020819195646773
1329,2874.00812463565,17.165030908533133
1330,2879.7465693441277,17.172893934654628
1331,2863.81215085215,17.1148557134116
1332,2884.040450134442,17.17376738199565
1333,2894.095889725101,17.221738765028856
1334,2885.730176974194,17.185990983673236
1335,2868.792358993438,17.113394931774867
1336,2830.154180494968,17.009711965471766
1337,2828.3234759976585,16.99647908092477
1338,2776.300420593182,16.87187900467264
1339,2695.9357487099087,16.640321545820964
1340,2711.6021645963187,16.70449942824727
1341,2746.679593578796,16.77290377806757
1342,2730.797470167495,16.703302103126596
1343,2754.857444406004,16.77051880975402
1344,2813.8641333782607,16.96733040723594
1345,2903.2155568530698,17.222087595535953
1346,2947.566862733767,17.32686645496852
1347,2949.3157268044665,17.35800395057892
1348,3054.79327114922,17.653336827589094
1349,3033.2288753821604,17.615910454708647
1350,3018.3035260516035,17.553355837227063
1351,2902.0047498233794,17.20291548396124
1352,2813.9049476976024,17.003537900928542
1353,2745.606195370552,16.76604607975039
1354,2592.094639559699,16.273607502588767
1355,2571.375159811467,16.265309746460822
1356,2532.6234704812055,16.1393397043032
1357,2500.69807792518,16.031166086436063
1358,2508.694606893888,16.061391163000103
1359,2548.219462418564,16.174927699711603
1360,2614.668565782528,16.35965421672774
1361,2676.127577814087,16.556215935137406
1362,2671.6841624385097,16.50237213526885
1363,2710.226676352433,16.666081905801907
1364,2751.8000456364307,16.810362461615686
1365,2702.6114262216424,16.630041674358417
1366,2604.2514054724224,16.351400126316328
1367,2453.5180564810694,15.885159303289901
1368,2366.2800019092706,15.586156873677927
1369,2240.011739283051,15.224266356409354
1370,2182.92188761613,14.969578687822102
1371,2065.3490243731626,14.603023183262351
1372,1945.3452844051112,14.215072496856909
1373,1896.266265782319,14.061589031503436
1374,1867.1703294716383,13.927249767664028
1375,1927.7159158897525,14.117658661792955
1376,1907.6257706090528,14.077580974403867
1377,1910.47850041585,14.07296294640534
1378,1898.984088198308,14.004580896652985
1379,1888.7748096200867,14.016357804040883
1380,1912.2482579241525,14.096037957202645
1381,1991.2765166851282,14.3627395050839
1382,2079.117764442265,14.638247370873936
1383,2134.8851050138287,14.830316452823848
1384,2180.3489579610364,14.969244673359364
1385,2126.3482405904424,14.784731519067154
1386,1998.7596043392143,14.344974245041282
1387,1900.8551743138457,14.00350977758425
1388,1841.9782756679779,13.829616266943116
1389,1881.1093192518451,13.948415182051964
1390,2026.588257988185,14.47923637803105
1391,2136.9559215573363,14.844133052856193
1392,2114.238835234395,14.777627891204247
1393,2073.3486241422665,14.64302858328487
1394,2066.499239552645,14.600968669608799
1395,2037.9429499714527,14.504078257197103
1396,1971.413049364622,14.27509320778319
1397,1937.9299591552713,14.179854938993477
1398,1922.2313819223778,14.090006603649897
1399,1963.833320161683,14.218237798366493
1400,1952.4285817471562,14.210499149955913
1401,2016.1355639199387,14.40549499638585
1402,2113.4771956016048,14.7379878576045
1403,2145.712952998063,14.889200317374257
1404,2176.242637544955,14.977926628572385
1405,2244.7813223930902,15.23116167896913
1406,2294.9710467820832,15.382076780815316
1407,2310.300260184997,15.418115516848928
1408,2235.1620313660305,15.1511810130728
1409,2139.0818441274077,14.84514351870327
1410,2137.351552672708,14.834024608679119
1411,2061.851090715561,14.567713825130479
1412,1979.3361067656892,14.299240752253166
1413,1910.115432509992,14.053052554192547
1414,1887.8660020142372,13.991007329384747
1415,1878.6237695029736,13.911803840296832
1416,1831.896983215375,13.768743083190191
1417,1864.2480050291495,13.90569257861318
1418,1908.0162110495967,14.064433372549985
1419,1956.112069226211,14.213665469923573
1420,2023.150366905275,14.458156386306579
1421,2129.005885538071,14.817499319753576
1422,2197.0603869898614,15.064470986094989
1423,2229.4058816503302,15.144909576847848
1424,2274.5613256263473,15.310071394049661
1425,2238.7892411358853,15.21638216169986
1426,2264.0407036099396,15.270831218073813
1427,2137.0914619858245,14.818511601739823
1428,2047.5300481563731,14.536446817943432
1429,1980.0077787070263,14.30098898995792
1430,1871.9716674236315,13.921863599780659
1431,1772.7722469309788,13.53249001813405
1432,1773.6423157018191,13.541354662325986
1433,1689.6019615587786,13.238892932979619
1434,1647.334048762242,13.109091734017948
1435,1669.7834615758336,13.179464560098703
1436,1665.484908515949,13.181740632059853
1437,1674.682707687572,13.202965049218971
1438,1755.74699223751,13.468418099052974
1439,1795.7372050561717,13.676194137657513
1440,1821.885139371237,13.741116624601426
1441,1846.200341335377,13.805371638999716
1442,1870.6086131240731,13.906052138939279
1443,1916.477121529742,14.068698805891671
1444,1870.7231230833124,13.894541593406302
1445,1867.6988095962963,13.925813659922989
1446,1822.4803540614726,13.741480491231565
1447,1749.6311245640911,13.459505417766943
1448,1707.7886610623475,13.332602375039079
1449,1586.4313095449063,12.856449202283562
1450,1581.0329076028988,12.8128172581559
1451,1579.1449564172947,12.8147682808117
1452,1589.3490657646219,12.84827949925194
1453,1542.2579598247755,12.703868941818381
1454,1582.5414292112305,12.843608764319228
1455,1590.6427602177964,12.833483006997659
1456,1531.6285972891933,12.664844495330279
1457,1560.7880423762072,12.754147799476751
1458,1468.1934895675263,12.395897954198302
1459,1500.745084135016,12.555408638945117
1460,1528.7061156295354,12.649833441231456
1461,1509.606808799484,12.556205083180892
1462,1535.1324207537966,12.673132449828561
1463,1610.5795844672457,12.9409538323455
1464,1687.7403155149266,13.182119939178893
1465,1707.3791663683173,13.320220947525522
1466,1709.1504429287986,13.314964742382823
1467,1784.9118048183682,13.567545322971938
1468,1749.9295480511232,13.524728688254626
1469,1779.6084235468102,13.588535097312649
1470,1679.0305135126914,13.19766214489891
1471,1647.5086894269411,13.114811706269276
1472,1559.5825080188758,12.758459393316173
1473,1560.6607488793595,12.76590326184942
1474,1506.2427838008716,12.529895693536227
1475,1489.3975580444485,12.47109803068269
1476,1436.7171026549204,12.277226932345648
1477,1393.9716735164889,12.105796179860015
1478,1386.467061916605,12.102491526471454
1479,1324.351572115834,11.831749707812168
1480,1305.8375558813618,11.774136959807853
1481,1296.8992461451217,11.788142395997486
1482,1312.414194938042,11.794926924246429
1483,1313.1395634208009,11.75798882242679
1484,1325.996373821054,11.768190224002726
1485,1298.9660253398692,11.671345301562855
1486,1380.8441452906723,12.01541930805219
1487,1438.9566840435243,12.259702327067869
1488,1537.306716810071,12.654575697782114
1489,1621.464399604573,13.025294088461024
1490,1653.902877579549,13.076248930442464
1491,1647.929283609415,13.081983262903899
1492,1597.8494283828175,12.91813787242177
1493,1552.6048788543208,12.714491184899916
1494,1474.3923877798234,12.44300149043219
1495,1411.7903907537236,12.146945545728673
1496,1307.9720242798526,11.750671729347973
1497,1315.883138416435,11.755776711510714
1498,1253.7054900756418,11.492966809788395
1499,1202.0129917755435,11.28354049449452
1500,1199.6930488426628,11.232910846743941
1501,1179.4411431328115,11.178921508396849
1502,1209.5338277465653,11.316284111443016
1503,1160.5146523485323,11.153846246515041
1504,1189.7022560645141,11.248034765722306
1505,1204.9861935791637,11.2786650846143
1506,1219.4356017648572,11.356420478781933
1507,1321.9849794435775,11.782117215971741
1508,1425.0482948195806,12.219176980913963
1509,1438.364325297721,12.282031024667608
1510,1463.0067406809856,12.385406173836111
1511,1427.987679970765,12.223677273672504
1512,1389.4966858539697,12.079250228838614
1513,1346.8479244722805,11.875533086598583
1514,1284.1786740907787,11.658828675767463
1515,1285.8340791011583,11.639084418067329
1516,1227.4817920197506,11.378852582351952
1517,1201.4781555861632,11.244922680521093
1518,1155.7025055243894,11.076023026831322
1519,1165.764126122974,11.048904293679879
1520,1125.0155273425437,10.92374871968857
1521,1121.104284170458,10.922375478388282
1522,1083.9906964485997,10.752129374728415
1523,1099.1664048673542,10.835048965782189
1524,1064.785953442533,10.658718782803948
1525,1093.5269731487292,10.764213212812987
1526,1092.8774460872446,10.762819616201773
1527,1056.861596684776,10.659656940581986
1528,1061.1577700468379,10.622065999178204
1529,1039.890247350046,10.523226030590509
1530,1003.2815288639746,10.339646323298378
1531,1041.2293610426564,10.537945060157492
1532,1080.401629423844,10.719061810200447
1533,1126.3266235031517,10.977626614660277
1534,1180.7369771661236,11.174000451534699
1535,1223.291645034168,11.348933257839596
1536,1246.426931769002,11.440204809831759
1537,1235.5540621975974,11.400801993320368
1538,1216.3773636868864,11.33262044237332
1539,1198.8487598427005,11.250701582163561
1540,1165.8272492541153,11.093614653975397
1541,1094.0217564167317,10.773499250053238
1542,1066.8977790321305,10.638058379746639
1543,1039.7353612589036,10.559748391457898
1544,1004.6486935700556,10.374887280876726
1545,958.2417067846989,10.133522886484132
1546,937.2629876580331,10.048297671292271
1547,964.6800258468738,10.177833074426879
1548,958.7053988681082,10.108822191081298
1549,963.5926898044033,10.159640057152501
1550,1006.9279747807207,10.32173852075791
1551,972.2158423133262,10.204816808296838
1552,1023.6391944005824,10.399917600197497
1553,1064.772744433286,10.580089134355045
1554,1047.6156029272984,10.54932633351048
1555,1097.83044957182,10.812413518308373
1556,1161.3959450418065,11.059759766418875
1557,1121.014278541721,10.941585172674829
1558,1039.1861136374941,10.470352720462557
1559,957.5759356429323,10.127600213816581
1560,1002.1156755766073,10.343997587533442
1561,950.1138142443702,10.062220733560642
1562,878.0238000702664,9.707640603715081
1563,811.8596175598972,9.335324637681202
1564,790.3097312331812,9.229750055711026
1565,740.9365784238958,8.985448574829066
1566,717.7214169836259,8.89203498030106
1567,783.1013462584692,9.162329730526931
1568,788.1560706335134,9.218366780015735
1569,843.6026432010965,9.550408428350766
1570,826.9140244610198,9.535738101914992
1571,855.8970929859099,9.612507536970433
1572,857.0626666404967,9.649367914444621
1573,878.4333267596076,9.754501583797778
1574,880.401238088368,9.746296791515912
1575,902.9804589762437,9.873211288548084
1576,910.4028813636023,9.900015209499092
1577,896.1886593694244,9.878780347204472
1578,926.1325503524483,9.967862664127033
1579,923.4086594425173,9.993912451632628
1580,947.1788370491049,10.072153994598061
1581,915.0667604184495,9.931680929777077
1582,930.6379626690975,9.993412134546322
1583,896.1297495442681,9.789703064490652
1584,851.3930853592481,9.570699352236371
1585,852.1075393742055,9.523039750567971
1586,814.1895174600344,9.394588127794517
1587,814.7934604968652,9.40628970906689
1588,765.3692538436376,9.162875427009672
1589,734.0085029839557,9.025424427188877
1590,713.7112920875584,8.889223030777082
1591,697.5183729801128,8.770307069361808
1592,659.9914321661292,8.624284671258115
1593,723.6173642480227,8.99101140533687
1594,716.6319908716112,8.903273897331122
1595,690.6939594596959,8.779993513146675
1596,679.785357759364,8.663618533320687
1597,702.5613081963824,8.795355938840547
1598,717.8851882591912,8.932428902090276
1599,729.4159880380372,8.894846040876576
1600,725.4010451559255,8.924028579677325
1601,738.4418954116395,8.958140771996034
1602,763.4309284679146,9.1191165192083
1603,812.3676060842837,9.354586366638436
1604,821.1718662106974,9.42222299093466
1605,835.9829430552534,9.55239687674762
1606,851.1270097065835,9.55972207184381
1607,845.8769379842779,9.592094979247113
1608,824.2203986372073,9.471445828958624
1609,771.3601478162866,9.189574859094282
1610,717.0274503796688,8.876276589364355
1611,721.4634887966956,8.827699932082972
1612,686.361795497627,8.683794452363419
1613,653.306638396961,8.480464969027212
1614,622.0216235017339,8.347951011529577
1615,639.2575635620626,8.374860362471585
1616,653.3961510569054,8.502839883879838
1617,624.9037040801029,8.338362314681323
1618,606.6333849791328,8.217559618943916
1619,612.6892772656367,8.285426126090178
1620,604.84478362304,8.174856946203871
1621,594.7369918732312,8.169962428977119
1622,611.951734764544,8.276973244544028
1623,592.6468151530737,8.154648127963444
1624,617.9484705334542,8.29085557050041
1625,587.4646902613556,8.095572005170338
1626,626.5451008815164,8.384407318999816
1627,630.6803395810928,8.415954259078271
1628,625.9763898207436,8.331763684292643
1629,635.2635772153646,8.358725147467029
1630,631.8782292785684,8.356332095536754
1631,584.672422059822,7.985504748661645
1632,576.9997791885021,8.015502859515284
1633,503.9701783282723,7.533809533754997
1634,497.37355316304513,7.527169859309519
1635,469.7306035159362,7.34290719612455
1636,454.0562922996408,7.236593541915816
1637,411.6923462671807,6.931687102783686
1638,432.8762192677199,7.051119492030871
1639,426.60762763084966,6.979132187521432
1640,429.17693380517574,7.043314993019813
1641,399.8296178120523,6.85771726530758
1642,401.52586484778965,6.878828831341691
1643,399.8979454327525,6.868645142304099
1644,414.10335844028015,6.8933508608584315
1645,398.5963007580817,6.945523821016911
1646,430.1103025462412,7.170097708421648
1647,454.90115517004824,7.238114474662124
1648,469.8137117987427,7.372265672662195
1649,520.8467547722069,7.609224740294726
1650,513.3784535965235,7.625634475131453
1651,517.4961332408011,7.643317417739064
1652,501.7058449081558,7.562426935072719
1653,512.1062501941711,7.576165658886934
1654,497.56431306024797,7.473171086687209
1655,506.79435705845646,7.56163250170872
1656,497.45594276260215,7.473171086687209
1657,464.52064799765367,7.318352689703994
1658,432.8867639527366,7.03905434635205
1659,441.5004024242785,7.129395913462633
1660,420.4316394647238,7.049701134863639
1661,412.02180520334616,6.911460488992011
1662,427.64412593287415,7.010583862339691
1663,432.67222268019043,7.11605832542832
1664,425.73085012428066,6.997734354124747
1665,407.8720331514189,6.912183887231133
1666,399.0026341241781,6.976265913144201
1667,390.49296853062515,6.802814571256349
1668,412.15937434940344,6.881009089581097
1669,414.2295841376467,6.923747980024814
1670,395.4926154894837,6.865004449444858
1671,388.3260292129853,6.8116287399488895
1672,389.8109130961778,6.840196348855615
1673,397.119169746276,6.782203630892963
1674,409.40528269002056,6.909289839838657
1675,399.47215946493714,6.879555660861949
1676,430.1015409237918,7.03905434635205
1677,413.90762851139317,6.933850740454231
1678,394.076074030571,6.803549521455524
1679,397.632237274515,6.821164569990794
1680,401.57414558935324,6.85042232938216
1681,406.3180957513491,6.894076159348524
1682,408.53463868862474,6.954012229705789
1683,416.0344159840656,6.956168923401565
1684,409.52523107043294,6.960480306049123
1685,425.02651361892987,6.907118508531449
1686,416.1663052800097,7.009157302479214
1687,431.915787353497,7.094947927285844
1688,448.3359037470892,7.1713517617599605
1689,441.01389410054554,7.12869455727328
1690,443.6289452092225,7.158790826033242
1691,472.92398721371575,7.300567518412366
1692,443.1564262486721,7.2282975928566815
1693,420.4273920722905,7.049701134863639
1694,443.1003589775457,7.146207811902596
1695,436.0531648334384,7.124484970220493
1696,410.3713767786947,7.035501836464666
1697,403.932495579031,6.891900034888614
1698,410.7842424105544,6.9898702485023065
1699,415.5289979312412,6.943938802358334
1700,427.9838376702035,7.0808393634439755
1701,420.1969865896707,6.950416253066985
1702,396.7742008942927,6.82482864919682
1703,412.93978475315464,6.954731201915548
1704,403.85950799167233,6.935292790567511
1705,433.1139121001596,7.135705017088199
1706,441.01911114042207,7.101991698875582
1707,456.4836929403805,7.253156974097396
1708,448.8616565623576,7.192933065926423
1709,482.63435106060916,7.435609328824215
1710,496.19114372431375,7.483200257302867
1711,487.68260793646516,7.502551971889145
1712,494.76690121308184,7.535800295316861
1713,525.0050666566715,7.651685179808281
1714,500.68747885608155,7.611195776506695
1715,494.1766592552609,7.617105824938588
1716,478.6403469349346,7.436417225271411
1717,489.3123228052303,7.497352942760088
1718,445.62690958147124,7.276008600071426
1719,458.63317536146843,7.3300955756602075
1720,438.0404138485762,7.156137306418411
1721,441.1490858587068,7.150545514036908
1722,423.98769819282927,7.048991849257431
1723,432.2516223585905,7.0970617928053645
1724,435.24374439681316,7.114652914295798
1725,419.4962499086837,7.005589631922334
1726,420.3550925751808,6.993445938226569
1727,419.6776962931631,7.1048072521988725
1728,414.50467873576446,7.033369469244289
1729,450.4604974461642,7.2696826678265465
1730,458.898642123561,7.291658665276214
1731,479.6489280124535,7.370772421591762
1732,489.09276003639525,7.481195498775426
1733,464.0001699764178,7.333367990964158
1734,481.3601529204825,7.393800517386015
1735,487.26759683511256,7.466477488809412
1736,503.22482526498163,7.532482067081055
1737,488.97365867758,7.517864463456208
1738,494.57022025232845,7.47450908694997
1739,500.34763015412364,7.56163250170872
1740,451.8479415360358,7.286170879885928
1741,491.5901869050864,7.488543656205637
1742,499.4640158913908,7.471163637004459
1743,468.4708488689378,7.289601229895754
1744,466.284386224468,7.286857079077213
1745,459.43639485652966,7.307413091573357
1746,450.13607270396705,7.141308429895581
1747,453.9105297418017,7.262801531840016
1748,474.9335271640918,7.319718989885997
1749,457.37976937331234,7.2538462963380805
1750,442.71844012803615,7.15110383723364
1751,459.93356097616095,7.255224744340984
1752,447.92793145464475,7.245570101165103
1753,426.18188240250527,7.0248335276288
1754,420.82377490049146,7.080133197256792
1755,441.8411485231046,7.193628159065332
1756,433.67239563889353,7.06811757760846
1757,422.6184057383214,7.101991698875582
1758,443.59535003198664,7.144808331291868
1759,443.71036046140017,7.205434483145183
1760,439.5611528768653,7.1427085962467824
1761,446.8023702026697,7.251778133044176
1762,439.42939582746396,7.1608858454033255
1763,416.20976505369646,7.040474848396071
1764,433.52132274382467,7.0928334317744755
1765,414.5130780109961,6.922303524903953
1766,408.21145028303516,6.9388966047130065
1767,411.45876545647053,6.954731201915548
1768,406.3445699631151,6.8853675349176315
1769,402.1546268538649,6.905670575034527
1770,408.0409363045292,6.851881937898353
1771,388.374137962015,6.767443098460281
1772,380.6274370402265,6.765965274142166
1773,386.1508487099338,6.742276031941861
1774,388.6851931611223,6.8101605040481745
1775,392.09170969647334,6.891174507360678
1776,390.43067365556726,6.829222949274514
1777,390.42898563677534,6.758571305453371
1778,378.6021470350079,6.749687851367476
1779,361.4413685977932,6.735598421142527
1780,387.56399964079026,6.765965274142166
1781,378.4199726165512,6.724454334062928
1782,390.4028370320869,6.80810554767722
1783,333.88312667418694,6.561272829894621
1784,372.15606155711635,6.694049682241189
1785,354.05304120182825,6.6626046819778635
1786,343.32340827300305,6.528422562021653
1787,351.84406562859664,6.519225502183014
1788,332.4032356143598,6.442072736962333
1789,314.63997818879636,6.249662878179726
1790,330.9499610372428,6.394394896383684
1791,326.6969303375457,6.341000401427026
1792,330.1161908682108,6.369323833100159
1793,327.34537032035047,6.337845540157767
1794,311.80497586422706,6.198248630935814
1795,331.6494627295032,6.365397559532139
1796,296.32024696043493,6.119500477236496
1797,322.2690303504356,6.314925659966054
1798,320.72511820228794,6.3449417720651855
1799,323.46369597257325,6.246461885811655
1800,315.2160229477166,6.187752911267362
1801,336.5900533764339,6.293511427724407
1802,332.76467701770395,6.346517634963106
1803,323.55918223754577,6.310965543472544
1804,311.44248518393965,6.224008844056835
1805,327.08749264478945,6.287152462832256
1806,305.2315093292476,6.157782562814125
1807,290.0155734215263,6.036413346590647
1808,305.0931902017303,6.231234716402335
1809,292.1872537338229,6.052956805636208
1810,291.0304759835232,6.077687561145085
1811,290.34131529672766,6.074395944527958
1812,286.6991344080209,6.022315675128438
1813,297.1546333433626,6.056260074575539
1814,300.78399872447704,6.102318091585991
1815,315.9833706752157,6.184519875535829
1816,290.2420237172394,5.972293202020284
1817,273.79998190095,5.8684142739668355
1818,288.15476714370794,6.018993777276871
1819,285.1662187267831,6.038069732198999
1820,285.3703397871416,5.904090623533628
1821,257.4147531009565,5.8607410871747
1822,264.68424093148917,6.000690467845987
1823,265.89766325991434,5.896463863274132
1824,283.4473711093446,6.000690467845988
1825,280.3825278177232,6.006520298050918
1826,271.6327468033422,5.882880764633744
1827,257.75307365878916,5.787770390305553
1828,286.1512879845836,5.9956889588184685
1829,290.32269583106404,5.9848380170976805
1830,273.82456211919174,5.9100157437098
1831,271.563473892067,5.901549465258908
1832,256.3402172202294,5.840229969007874
1833,292.9551665112922,5.979823249135187
1834,248.3284426111722,5.754848919902042
1835,248.84419582771542,5.746154026033213
1836,253.3461579774458,5.74441346796152
1837,256.38635537277986,5.759191444195766
1838,247.70827971556895,5.806744879095146
1839,254.91196291374035,5.753980021767342
1840,249.7797162544573,5.710366546106975
1841,260.8113945642764,5.758323201323255
1842,247.3214403819374,5.656702757870322
1843,244.41878476504726,5.654934667252814
1844,242.71266070283278,5.637223260692954
1845,238.91246644580852,5.680518118173526
1846,247.8862930676903,5.7129927438163
1847,247.22998084685787,5.705986863891091
1848,251.38567310415633,5.742672382340621
1849,252.1736004737671,5.632786707385404
1850,251.6217884064275,5.743718407818525
1851,247.50385171478447,5.7210402155825975
1852,241.0790504727252,5.722787882519617
1853,244.27940849993973,5.770641311701271
1854,237.19987210856326,5.645378742680899
1855,242.3493220857161,5.712293860465634
1856,241.35729534103893,5.609839672246736
1857,221.9307252450314,5.602704806458517
1858,242.61237435223634,5.712117478737435
1859,241.74613096584977,5.570303949597159
1860,211.64514617030386,5.529763655970995
1861,227.23127237891558,5.473416308933361
1862,228.15707862612368,5.494386780241968
1863,235.86115585436482,5.636336229404497
1864,224.62098677077944,5.507112318710932
1865,215.71442953323063,5.454198941265133
1866,223.04043348438955,5.4898347963210785
1867,208.4479451781473,5.335568019517481
1868,226.67574548324427,5.532475584301995
1869,209.80515275092412,5.491656042661239
1870,229.6395325426153,5.5152775171243835
1871,227.83503487148647,5.442268469204519
1872,204.21340171019747,5.415559628597741
1873,211.46321350727362,5.412789123076725
1874,227.8136068284045,5.434913623131254
1875,211.23715294344893,5.360810208438432
1876,197.30524171004052,5.386862360493137
1877,217.09613546667197,5.488012945584012
1878,227.45399048673886,5.532475584301995
1879,220.51181809903952,5.457864609066233
1880,220.62684968175273,5.476156141939134
1881,217.32541563302343,5.364539690495141
1882,229.75503898473812,5.434913623131254
1883,218.59212872516386,5.454198941265133
1884,208.13527574410313,5.435833523103674
1885,198.98624668161273,5.227646324197698
1886,214.74754625202286,5.364539690495141
1887,220.2377409546902,5.527050396992748
1888,221.90507803288,5.444105628190703
1889,216.3409440896371,5.432152988539416
1890,202.1355966906101,5.356144704066321
1891,198.30520108416607,5.328065886501189
1892,213.75006052902512,5.435833523103674
1893,211.82881428343617,5.33463082986046
1894,213.52904377045533,5.386862360493137
1895,197.4453553279211,5.279042156575159
1896,199.57593287119147,5.245787461468268
1897,224.68911529033417,5.4044690850163715
1898,222.8902417417985,5.4413496571069295
1899,209.81367132478286,5.312088674984418
1900,232.1442755613901,5.50166212075021
1901,228.6691699333315,5.484367428509664
1902,191.8387496178402,5.23720212431196
1903,195.09469958605476,5.245787461468269
1904,226.06393707062426,5.498934996060391
1905,224.26036107026442,5.449613389121994
1906,211.652946887501,5.481631699676448
1907,203.28973987645364,5.3036106654709965
1908,191.8206508984884,5.27619996691726
1909,202.32713467738265,5.254358770668186
1910,222.99801520432715,5.458780641397647
1911,223.30916295296507,5.418328717501153
1912,208.6651643693514,5.329942409716797
1913,215.26531464927334,5.388718408944533
1914,210.72721694504625,5.27714753355425
1915,200.2938125862073,5.232426405683858
1916,212.59060233951132,5.421096391957784
1917,196.29640725535793,5.408354754295742
1918,206.28096645583355,5.4212822420819755
1919,211.42213673874843,5.438777541719588
1920,209.45149548497753,5.393542541624509
1921,212.7074677854749,5.376830027842926
1922,219.55818131888924,5.375900031465742
1923,236.29398481011384,5.615184872140309
1924,192.17654426530763,5.24502632484465
1925,213.45700675013185,5.386862360493138
1926,210.55198681973155,5.399841302380812
1927,187.95758336351358,5.176706104358031
1928,213.83971696236716,5.411865306056471
1929,217.60547402249927,5.347736539031977
1930,196.25684605551336,5.169940627405473
1931,191.80120839060308,5.306438173662037
1932,200.91774311176593,5.242927244478765
1933,203.17800222851838,5.269562229530807
1934,195.3958994531012,5.203680052702866
1935,215.47041256527254,5.417405845134523
1936,174.36540635031955,5.1379262442057
1937,201.50342605793918,5.313970840237807
1938,195.15407126747976,5.264815864861534
1939,181.0039430547824,5.1959874991090675
1940,197.105687894376,5.2581637565691794
1941,208.19481730493794,5.267664196861612
1942,210.54039145472515,5.310205842610783
1943,194.5494890323129,5.105711124897069
1944,191.300589542451,5.106690326512632
1945,189.0308606832235,5.236247329041829
1946,201.21045883100086,5.2572127682734795
1947,217.93627349658715,5.308322342407035
1948,192.35174545853556,5.160260273561567
1949,190.06367430417845,5.09394602355558
1950,188.19836954580165,5.1651027183297815
1951,189.24836612475954,5.151532402198176
1952,200.96403671712312,5.161229125983238
1953,176.52084508941206,5.181533179561596
1954,178.11280232497677,5.075262169671405
1955,191.6904660253311,5.188283539948227
1956,193.7000092061523,5.1525028957680075
1957,201.16495529935145,5.126235079558652
1958,173.72302850339844,4.996827602679294
1959,183.6999384310441,5.0841209752422
1960,181.57825209479842,5.096889844885576
1961,183.40468583139514,5.007822489954861
1962,177.2311517742266,5.039671228453072
1963,179.67983103624047,4.923239389964467
1964,161.68387192219117,5.110605256806448
1965,191.32235426600636,5.099831966927704
1966,164.9718044546996,4.982799021724405
1967,188.18964056222842,5.090018280016066
1968,178.8594546654385,4.976774667482716
1969,184.49563146925573,5.0485924861190465
1970,180.2884876868226,5.018793290313689
1971,164.52581374059304,5.021781167165461
1972,176.93945066710708,5.024767267336638
1973,167.49596692199108,4.899825108194955
1974,175.01884750878008,4.947553546036435
1975,181.87253203203207,5.0416550944008165
1976,169.8424557249752,4.941486222878467
1977,159.86444012707202,4.922428379195919
1978,171.51980479416173,5.05967401601263
1979,180.01276467227322,5.115691658838848
1980,194.78906549510023,5.117646055396306
1981,188.13431943808888,5.042846532298338
1982,200.738511728654,5.210595085814418
1983,148.72266372639052,4.805027168591006
1984,165.1503432363277,4.9536134377742576
1985,156.11814746484623,4.857806716090884
1986,138.95747929420486,4.798779646003522
1987,141.01238970123137,4.803986479050258
1988,146.4555090289737,4.722106107543295
1989,137.9091076103767,4.709382771754457
1990,122.50221552236883,4.803986479050258
1991,168.2708157184547,4.890632483728224
1992,172.63446978749607,4.896762817504816
1993,140.2105085758447,4.820610551672651
1994,163.69642992667306,4.8619220572627135
1995,147.3904952803909,4.791480573987303
1996,135.29306785172975,4.734795253323812
1997,160.25085510859168,4.856777335939717
1998,166.352533795658,4.939462125666893
1999,124.36579152445059,4.708320941789939
2000,146.00064929526604,4.826829817892661
2001,163.40608657077107,4.9212077878197436
2002,151.72334358504048,4.759021547639567
2003,141.86117007481045,4.832006424964447
2004,162.34156243616164,4.981795468593397
2005,147.80617952335268,4.850596467538574
2006,148.85940132876203,4.882446732008215
2007,156.0006481607722,4.8071078717767195
2008,134.01813148422522,4.608501501670331
2009,124.91188283238091,4.617172954405942
2010,132.85029878660015,4.700881416383282
2011,137.48159426952634,4.622584351950508
2012,161.8457639063003,4.938449765958716
2013,150.63011572872958,4.787304679138115
2014,166.01399213492067,4.8019044233405666
2015,139.7487250941892,4.745343622004386
2016,141.01718258116244,4.721047139236982
2017,150.90186628093534,4.772660273987422
2018,151.47325210388624,4.822684531554775
2019,136.192322183339,4.6742150240332005
2020,157.70985921808153,4.8060676327843845
2021,144.72835789141726,4.796695330214094
2022,183.49404690270507,4.827865583350234
2023,149.23329913438565,4.850596467538574
2024,143.83167570272175,4.767630559126133
2025,196.5850461644567,4.979990075121974
2026,164.14279130892493,4.917346962368363
2027,158.6623741353022,4.764483303393282
2028,148.43198331378105,4.8631575286343915
2029,133.59250013680406,4.648471371418532
2030,144.20770685626616,4.59546364264779
2031,147.38247972090952,4.784170365998445
2032,149.513106052155,4.801904423340566
2033,146.27850616486103,4.712566826146627
2034,158.22644842877355,4.799821464481537
2035,123.3244562379409,4.609586325354771
2036,132.02454460883683,4.81230569383302
2037,178.4667692563351,4.853687885607984
2038,151.17319659483468,4.695560253143143
2039,146.79391124855306,4.734795253323812
2040,136.69895334271754,4.766370326663435
2041,128.07337871189918,4.6742150240332005
2042,182.57886457435976,4.813344584683056
2043,147.8637753836127,4.868088545917966
2044,165.24192197224446,4.795652832607642
2045,147.87404090764457,4.6731452032755945
2046,151.46117487901108,4.756919811274697
2047,161.1404256489157,4.623665871459322
