wave,flux,error
1867.600,-0.000e+00,0.000e+00
1872.853,-0.000e+00,0.000e+00
1878.105,0.000e+00,0.000e+00
1883.354,0.000e+00,0.000e+00
1888.602,0.000e+00,0.000e+00
1893.847,-0.000e+00,0.000e+00
1899.091,0.000e+00,0.000e+00
1904.334,-0.000e+00,0.000e+00
1909.574,0.000e+00,0.000e+00
1914.813,-0.000e+00,0.000e+00
1920.050,-0.000e+00,0.000e+00
1925.285,0.000e+00,0.000e+00
1930.518,-0.000e+00,0.000e+00
1935.750,0.000e+00,0.000e+00
1940.980,-0.000e+00,0.000e+00
1946.208,0.000e+00,0.000e+00
1951.434,-0.000e+00,0.000e+00
1956.659,-0.000e+00,0.000e+00
1961.882,-0.000e+00,0.000e+00
1967.103,-0.000e+00,0.000e+00
1972.322,0.000e+00,0.000e+00
1977.539,0.000e+00,0.000e+00
1982.755,0.000e+00,0.000e+00
1987.969,0.000e+00,0.000e+00
1993.181,-0.000e+00,0.000e+00
1998.392,-0.000e+00,0.000e+00
2003.601,0.000e+00,0.000e+00
2008.808,0.000e+00,0.000e+00
2014.013,0.000e+00,0.000e+00
2019.216,0.000e+00,0.000e+00
2024.418,-0.000e+00,0.000e+00
2029.618,0.000e+00,0.000e+00
2034.816,0.000e+00,0.000e+00
2040.013,-0.000e+00,0.000e+00
2045.208,0.000e+00,0.000e+00
2050.401,-0.000e+00,0.000e+00
2055.592,0.000e+00,0.000e+00
2060.782,0.000e+00,0.000e+00
2065.970,0.000e+00,0.000e+00
2071.156,-0.000e+00,0.000e+00
2076.340,0.000e+00,0.000e+00
2081.523,0.000e+00,0.000e+00
2086.704,-0.000e+00,0.000e+00
2091.883,0.000e+00,0.000e+00
2097.061,0.000e+00,0.000e+00
2102.237,-0.000e+00,0.000e+00
2107.411,0.000e+00,0.000e+00
2112.583,-0.000e+00,0.000e+00
2117.754,-0.000e+00,0.000e+00
2122.923,-0.000e+00,0.000e+00
2128.090,-0.000e+00,0.000e+00
2133.256,-0.000e+00,0.000e+00
2138.420,-0.000e+00,0.000e+00
2143.582,-0.000e+00,0.000e+00
2148.743,0.000e+00,0.000e+00
2153.902,-0.000e+00,0.000e+00
2159.059,0.000e+00,0.000e+00
2164.214,-0.000e+00,0.000e+00
2169.368,0.000e+00,0.000e+00
2174.520,0.000e+00,0.000e+00
2179.670,0.000e+00,0.000e+00
2184.819,0.000e+00,0.000e+00
2189.966,0.000e+00,0.000e+00
2195.111,0.000e+00,0.000e+00
2200.255,-0.000e+00,0.000e+00
2205.397,-0.000e+00,0.000e+00
2210.537,0.000e+00,0.000e+00
2215.676,0.000e+00,0.000e+00
2220.813,0.000e+00,0.000e+00
2225.948,0.000e+00,0.000e+00
2231.081,0.000e+00,0.000e+00
2236.213,-0.000e+00,0.000e+00
2241.344,0.000e+00,0.000e+00
2246.472,0.000e+00,0.000e+00
2251.599,-0.000e+00,0.000e+00
2256.724,-0.000e+00,0.000e+00
2261.848,-0.000e+00,0.000e+00
2266.970,-0.000e+00,0.000e+00
2272.090,0.000e+00,0.000e+00
2277.209,-0.000e+00,0.000e+00
2282.326,-0.000e+00,0.000e+00
2287.441,0.000e+00,0.000e+00
2292.555,0.000e+00,0.000e+00
2297.667,-0.000e+00,0.000e+00
2302.777,0.000e+00,0.000e+00
2307.886,0.000e+00,0.000e+00
2312.993,0.000e+00,0.000e+00
2318.099,0.000e+00,0.000e+00
2323.202,-0.000e+00,0.000e+00
2328.305,-0.000e+00,0.000e+00
2333.405,0.000e+00,0.000e+00
2338.504,0.000e+00,0.000e+00
2343.601,-0.000e+00,0.000e+00
2348.697,-0.000e+00,0.000e+00
2353.791,0.000e+00,0.000e+00
2358.884,-0.000e+00,0.000e+00
2363.974,0.000e+00,0.000e+00
2369.064,0.000e+00,0.000e+00
2374.151,0.000e+00,0.000e+00
2379.237,0.000e+00,0.000e+00
2384.321,0.000e+00,0.000e+00
2389.404,-0.000e+00,0.000e+00
2394.485,0.000e+00,0.000e+00
2399.565,0.000e+00,0.000e+00
2404.643,0.000e+00,0.000e+00
2409.719,-0.000e+00,0.000e+00
2414.794,0.000e+00,0.000e+00
2419.867,-0.000e+00,0.000e+00
2424.938,0.000e+00,0.000e+00
2430.008,-0.000e+00,0.000e+00
2435.076,0.000e+00,0.000e+00
2440.143,-0.000e+00,0.000e+00
2445.208,0.000e+00,0.000e+00
2450.271,0.000e+00,0.000e+00
2455.333,0.000e+00,0.000e+00
2460.394,0.000e+00,0.000e+00
2465.452,-0.000e+00,0.000e+00
2470.510,-0.000e+00,0.000e+00
2475.565,0.000e+00,0.000e+00
2480.619,-0.000e+00,0.000e+00
2485.671,0.000e+00,0.000e+00
2490.722,-0.000e+00,0.000e+00
2495.772,0.000e+00,0.000e+00
2500.819,-0.000e+00,0.000e+00
2505.865,0.000e+00,0.000e+00
2510.910,-0.000e+00,0.000e+00
2515.953,0.000e+00,0.000e+00
2520.994,-0.000e+00,0.000e+00
2526.034,0.000e+00,0.000e+00
2531.072,0.000e+00,0.000e+00
2536.109,0.000e+00,0.000e+00
2541.144,0.000e+00,0.000e+00
2546.178,0.000e+00,0.000e+00
2551.210,-0.000e+00,0.000e+00
2556.240,0.000e+00,0.000e+00
2561.269,-0.000e+00,0.000e+00
2566.297,0.000e+00,0.000e+00
2571.322,-0.000e+00,0.000e+00
2576.347,0.000e+00,0.000e+00
2581.369,-0.000e+00,0.000e+00
2586.391,0.000e+00,0.000e+00
2591.410,0.000e+00,0.000e+00
2596.428,-0.000e+00,0.000e+00
2601.445,-0.000e+00,0.000e+00
2606.460,0.000e+00,0.000e+00
2611.473,-0.000e+00,0.000e+00
2616.485,-0.000e+00,0.000e+00
2621.496,-0.000e+00,0.000e+00
2626.505,0.000e+00,0.000e+00
2631.512,0.000e+00,0.000e+00
2636.518,-0.000e+00,0.000e+00
2641.522,-0.000e+00,0.000e+00
2646.525,-0.000e+00,0.000e+00
2651.526,0.000e+00,0.000e+00
2656.526,0.000e+00,0.000e+00
2661.524,-0.000e+00,0.000e+00
2666.521,0.000e+00,0.000e+00
2671.516,-0.000e+00,0.000e+00
2676.510,-0.000e+00,0.000e+00
2681.502,-0.000e+00,0.000e+00
2686.493,0.000e+00,0.000e+00
2691.482,-0.000e+00,0.000e+00
2696.470,0.000e+00,0.000e+00
2701.456,-0.000e+00,0.000e+00
2706.441,0.000e+00,0.000e+00
2711.424,-0.000e+00,0.000e+00
2716.405,0.000e+00,0.000e+00
2721.386,-0.000e+00,0.000e+00
2726.364,0.000e+00,0.000e+00
2731.342,0.000e+00,0.000e+00
2736.317,-0.000e+00,0.000e+00
2741.292,-0.000e+00,0.000e+00
2746.264,-0.000e+00,0.000e+00
2751.236,-0.000e+00,0.000e+00
2756.205,0.000e+00,0.000e+00
2761.174,-0.000e+00,0.000e+00
2766.140,0.000e+00,0.000e+00
2771.106,0.000e+00,0.000e+00
2776.070,0.000e+00,0.000e+00
2781.032,-0.000e+00,0.000e+00
2785.993,0.000e+00,0.000e+00
2790.952,0.000e+00,0.000e+00
2795.910,-0.000e+00,0.000e+00
2800.867,-0.000e+00,0.000e+00
2805.822,0.000e+00,0.000e+00
2810.776,0.000e+00,0.000e+00
2815.728,-0.000e+00,0.000e+00
2820.678,-0.000e+00,0.000e+00
2825.628,0.000e+00,0.000e+00
2830.575,0.000e+00,0.000e+00
2835.522,0.000e+00,0.000e+00
2840.466,-0.000e+00,0.000e+00
2845.410,0.000e+00,0.000e+00
2850.352,-0.000e+00,0.000e+00
2855.292,0.000e+00,0.000e+00
2860.231,0.000e+00,0.000e+00
2865.169,-0.000e+00,0.000e+00
2870.105,-0.000e+00,0.000e+00
2875.040,0.000e+00,0.000e+00
2879.973,-0.000e+00,0.000e+00
2884.905,-0.000e+00,0.000e+00
2889.836,0.000e+00,0.000e+00
2894.765,0.000e+00,0.000e+00
2899.692,-0.000e+00,0.000e+00
2904.618,-0.000e+00,0.000e+00
2909.543,-0.000e+00,0.000e+00
2914.466,0.000e+00,0.000e+00
2919.388,0.000e+00,0.000e+00
2924.309,0.000e+00,0.000e+00
2929.228,0.000e+00,0.000e+00
2934.145,0.000e+00,0.000e+00
2939.061,-0.000e+00,0.000e+00
2943.976,0.000e+00,0.000e+00
2948.890,0.000e+00,0.000e+00
2953.801,-0.000e+00,0.000e+00
2958.712,-0.000e+00,0.000e+00
2963.621,0.000e+00,0.000e+00
2968.529,-0.000e+00,0.000e+00
2973.435,-0.000e+00,0.000e+00
2978.340,-0.000e+00,0.000e+00
2983.244,-0.000e+00,0.000e+00
2988.146,-0.000e+00,0.000e+00
2993.047,-0.000e+00,0.000e+00
2997.946,-0.000e+00,0.000e+00
3002.844,-0.000e+00,0.000e+00
3007.740,0.000e+00,0.000e+00
3012.636,-0.000e+00,0.000e+00
3017.529,-0.000e+00,0.000e+00
3022.422,0.000e+00,0.000e+00
3027.313,-0.000e+00,0.000e+00
3032.202,0.000e+00,0.000e+00
3037.091,-0.000e+00,0.000e+00
3041.978,-0.000e+00,0.000e+00
3046.863,-0.000e+00,0.000e+00
3051.747,0.000e+00,0.000e+00
3056.630,0.000e+00,0.000e+00
3061.511,0.000e+00,0.000e+00
3066.391,0.000e+00,0.000e+00
3071.270,-0.000e+00,0.000e+00
3076.147,0.000e+00,0.000e+00
3081.023,0.000e+00,0.000e+00
3085.898,0.000e+00,0.000e+00
3090.771,-0.000e+00,0.000e+00
3095.643,0.000e+00,0.000e+00
3100.513,7.893e-320,1.984e-319
3105.382,-4.668e-305,3.416e-305
3110.250,6.578e-291,2.573e-291
3115.117,2.872e-278,9.578e-278
3119.982,1.712e-263,1.614e-264
3124.845,6.534e-251,1.228e-251
3129.708,2.609e-238,3.960e-239
3134.569,1.866e-226,5.873e-227
3139.429,2.145e-214,4.212e-215
3144.287,-4.058e-204,1.440e-203
3149.144,1.551e-191,2.141e-192
3154.000,2.069e-181,1.390e-181
3158.854,4.031e-171,4.436e-171
3163.707,2.386e-160,6.803e-161
3168.559,8.818e-151,4.409e-151
3173.409,-4.814e-141,1.301e-141
3178.258,2.014e-133,1.993e-132
3183.106,4.719e-123,1.257e-123
3187.952,7.289e-115,3.724e-115
3192.797,-1.053e-106,5.195e-107
3197.641,-7.927e-99,3.434e-99
3202.483,-5.935e-91,9.440e-92
3207.324,1.896e-84,1.419e-84
3212.164,-1.716e-77,9.065e-78
3217.003,-2.055e-70,2.582e-71
3221.840,1.411e-64,3.911e-65
3226.676,-5.671e-59,2.350e-59
3231.510,-2.274e-54,6.984e-54
3236.343,-4.857e-49,9.370e-49
3241.175,3.986e-44,6.040e-44
3246.006,6.205e-39,1.801e-39
3250.835,9.538e-35,2.545e-35
3255.663,-4.946e-31,1.645e-31
3260.490,-1.467e-27,4.808e-28
3265.315,1.131e-24,6.875e-25
3270.140,2.108e-23,4.481e-22
3274.962,-1.277e-19,1.294e-19
3279.784,-4.530e-17,1.769e-17
3284.604,3.078e-15,1.245e-15
3289.423,2.756e-14,3.715e-14
3294.241,-1.042e-13,5.396e-13
3299.057,1.350e-12,3.715e-12
3303.873,2.455e-11,1.181e-11
3308.686,4.112e-11,1.806e-11
3313.499,-1.162e-11,1.212e-11
3318.310,-4.095e-12,4.601e-12
3323.120,-4.423e-12,2.623e-12
3327.929,6.132e-12,2.744e-12
3332.737,-2.447e-11,4.858e-12
3337.543,-5.764e-11,7.298e-12
3342.348,-2.556e-11,8.306e-12
3347.151,-2.633e-11,6.079e-12
3351.954,-1.148e-11,3.566e-12
3356.755,3.791e-12,2.844e-12
3361.555,5.743e-12,3.115e-12
3366.354,-6.031e-12,4.612e-12
3371.151,-1.566e-11,6.695e-12
3375.947,3.320e-12,1.009e-11
3380.742,-6.355e-11,1.433e-11
3385.536,3.475e-11,1.623e-11
3390.328,-1.968e-11,9.671e-12
3395.119,-1.003e-11,3.502e-12
3399.909,3.254e-12,1.238e-12
3404.698,-3.993e-13,8.843e-13
3409.485,-1.333e-12,1.227e-12
3414.271,1.061e-11,3.480e-12
3419.056,-1.278e-12,6.177e-12
3423.840,8.143e-12,6.629e-12
3428.622,9.814e-13,4.428e-12
3433.404,-1.867e-12,2.466e-12
3438.184,5.574e-12,2.002e-12
3442.962,-1.009e-11,1.936e-12
3447.740,1.905e-11,2.441e-12
3452.516,1.453e-12,2.452e-12
3457.291,7.072e-12,2.062e-12
3462.065,8.410e-12,1.546e-12
3466.838,-3.579e-12,1.201e-12
3471.609,-6.505e-12,1.180e-12
3476.380,1.686e-12,1.312e-12
3481.149,-2.645e-12,1.554e-12
3485.916,-1.018e-11,1.459e-12
3490.683,3.189e-12,1.247e-12
3495.448,2.658e-12,1.012e-12
3500.213,-1.119e-12,8.353e-13
3504.976,-8.254e-13,7.403e-13
3509.737,-2.569e-12,7.776e-13
3514.498,1.470e-12,7.675e-13
3519.257,2.084e-12,7.250e-13
3524.015,2.387e-13,6.329e-13
3528.772,1.709e-12,5.749e-13
3533.528,1.923e-12,5.468e-13
3538.283,6.283e-12,5.754e-13
3543.036,3.524e-13,5.526e-13
3547.788,1.527e-12,5.408e-13
3552.539,-7.263e-13,5.136e-13
3557.289,3.635e-14,4.667e-13
3562.038,9.421e-13,4.265e-13
3566.785,2.813e-12,3.932e-13
3571.532,6.686e-13,3.487e-13
3576.277,-4.372e-13,3.183e-13
3581.021,3.029e-12,3.048e-13
3585.763,-6.680e-14,2.734e-13
3590.505,-3.811e-13,2.603e-13
3595.245,-3.864e-13,2.607e-13
3599.985,1.717e-12,2.484e-13
3604.723,-1.262e-13,2.261e-13
3609.460,2.632e-13,2.110e-13
3614.195,3.297e-13,1.966e-13
3618.930,5.759e-13,1.837e-13
3623.663,1.162e-12,1.739e-13
3628.396,1.348e-12,1.589e-13
3633.127,1.323e-13,1.499e-13
3637.857,2.475e-13,1.326e-13
3642.586,1.065e-13,1.302e-13
3647.313,5.576e-13,1.195e-13
3652.040,6.215e-13,1.137e-13
3656.765,1.178e-12,1.061e-13
3661.489,1.239e-12,1.001e-13
3666.212,7.682e-13,9.085e-14
3670.934,6.470e-13,8.380e-14
3675.655,7.312e-13,7.700e-14
3680.375,4.607e-13,7.196e-14
3685.093,5.523e-13,6.670e-14
3689.810,5.387e-13,6.228e-14
3694.527,2.836e-13,5.786e-14
3699.242,5.917e-13,5.595e-14
3703.956,2.671e-13,5.148e-14
3708.669,3.787e-13,4.751e-14
3713.380,6.026e-13,4.605e-14
3718.091,7.232e-13,4.330e-14
3722.800,6.223e-13,4.037e-14
3727.509,5.068e-13,4.070e-14
3732.216,6.844e-13,4.069e-14
3736.922,7.648e-13,4.210e-14
3741.627,6.381e-13,3.932e-14
3746.331,2.618e-13,3.344e-14
3751.034,4.267e-13,2.918e-14
3755.735,4.109e-13,2.780e-14
3760.436,4.480e-13,2.854e-14
3765.135,5.770e-13,3.307e-14
3769.834,8.384e-13,3.649e-14
3774.531,6.519e-13,3.516e-14
3779.227,6.137e-13,3.251e-14
3783.922,5.720e-13,2.841e-14
3788.616,5.316e-13,2.527e-14
3793.309,6.024e-13,2.565e-14
3798.001,8.373e-13,2.783e-14
3802.691,9.882e-13,2.834e-14
3807.381,1.246e-12,3.031e-14
3812.070,1.254e-12,2.998e-14
3816.757,1.210e-12,2.967e-14
3821.443,1.171e-12,2.890e-14
3826.128,1.148e-12,2.784e-14
3830.813,1.142e-12,2.665e-14
3835.496,1.081e-12,2.616e-14
3840.178,9.888e-13,2.484e-14
3844.859,8.262e-13,2.300e-14
3849.538,7.159e-13,2.154e-14
3854.217,6.666e-13,2.143e-14
3858.895,6.120e-13,1.982e-14
3863.572,5.801e-13,1.913e-14
3868.247,5.182e-13,1.827e-14
3872.922,5.456e-13,1.643e-14
3877.595,3.977e-13,1.449e-14
3882.267,3.495e-13,1.246e-14
3886.939,3.756e-13,1.267e-14
3891.609,3.802e-13,1.255e-14
3896.278,4.835e-13,1.356e-14
3900.946,5.228e-13,1.476e-14
3905.614,7.507e-13,1.724e-14
3910.280,9.223e-13,1.968e-14
3914.945,1.052e-12,2.117e-14
3919.609,1.032e-12,2.068e-14
3924.271,9.448e-13,1.949e-14
3928.933,8.375e-13,1.756e-14
3933.594,8.017e-13,1.690e-14
3938.254,7.547e-13,1.644e-14
3942.913,7.558e-13,1.624e-14
3947.570,6.611e-13,1.490e-14
3952.227,5.585e-13,1.306e-14
3956.883,4.384e-13,1.074e-14
3961.537,3.673e-13,9.497e-15
3966.191,3.699e-13,8.918e-15
3970.843,3.600e-13,9.146e-15
3975.495,4.248e-13,9.818e-15
3980.145,4.056e-13,1.005e-14
3984.795,4.658e-13,1.041e-14
3989.443,4.659e-13,1.059e-14
3994.091,4.376e-13,1.053e-14
3998.737,4.580e-13,1.070e-14
4003.383,4.562e-13,1.056e-14
4008.027,4.693e-13,1.068e-14
4012.671,4.632e-13,1.036e-14
4017.313,4.552e-13,1.017e-14
4021.954,4.192e-13,9.628e-15
4026.595,4.393e-13,9.726e-15
4031.234,5.053e-13,1.005e-14
4035.872,4.806e-13,1.022e-14
4040.510,5.693e-13,1.093e-14
4045.146,6.500e-13,1.177e-14
4049.782,7.759e-13,1.247e-14
4054.416,8.753e-13,1.306e-14
4059.049,8.374e-13,1.303e-14
4063.682,8.828e-13,1.298e-14
4068.313,8.166e-13,1.247e-14
4072.944,7.865e-13,1.204e-14
4077.573,7.035e-13,1.132e-14
4082.201,6.450e-13,1.028e-14
4086.829,5.647e-13,9.210e-15
4091.455,4.869e-13,8.458e-15
4096.081,4.354e-13,7.709e-15
4100.705,3.665e-13,7.196e-15
4105.329,3.594e-13,7.001e-15
4109.952,3.544e-13,6.885e-15
4114.573,3.425e-13,6.980e-15
4119.194,3.789e-13,7.283e-15
4123.813,3.536e-13,7.193e-15
4128.432,3.476e-13,7.273e-15
4133.050,3.798e-13,7.341e-15
4137.667,4.063e-13,7.345e-15
4142.282,3.812e-13,7.372e-15
4146.897,3.738e-13,7.259e-15
4151.511,3.816e-13,7.242e-15
4156.124,3.651e-13,7.118e-15
4160.736,3.839e-13,7.269e-15
4165.347,3.829e-13,7.113e-15
4169.957,3.830e-13,7.107e-15
4174.566,3.498e-13,6.887e-15
4179.175,3.889e-13,6.921e-15
4183.782,3.684e-13,6.917e-15
4188.388,3.876e-13,7.021e-15
4192.994,3.624e-13,6.879e-15
4197.598,3.732e-13,6.880e-15
4202.202,3.500e-13,6.763e-15
4206.804,3.375e-13,6.632e-15
4211.406,3.663e-13,6.815e-15
4216.006,4.031e-13,6.834e-15
4220.606,3.442e-13,6.669e-15
4225.205,3.515e-13,6.627e-15
4229.803,3.586e-13,6.511e-15
4234.400,3.738e-13,6.503e-15
4238.996,3.742e-13,6.643e-15
4243.591,3.456e-13,6.409e-15
4248.185,3.594e-13,6.415e-15
4252.779,3.664e-13,6.428e-15
4257.371,3.716e-13,6.366e-15
4261.963,3.411e-13,6.337e-15
4266.553,3.598e-13,6.321e-15
4271.143,3.445e-13,6.334e-15
4275.732,3.478e-13,6.302e-15
4280.319,3.563e-13,6.363e-15
4284.906,3.839e-13,6.613e-15
4289.492,4.373e-13,7.025e-15
4294.077,5.823e-13,7.918e-15
4298.662,7.235e-13,8.633e-15
4303.245,8.472e-13,9.311e-15
4307.827,9.712e-13,9.910e-15
4312.409,1.043e-12,1.033e-14
4316.990,9.141e-13,9.845e-15
4321.569,8.927e-13,9.499e-15
4326.148,8.267e-13,8.766e-15
4330.726,7.619e-13,8.292e-15
4335.303,7.078e-13,7.729e-15
4339.880,5.603e-13,7.020e-15
4344.455,4.087e-13,6.292e-15
4349.029,3.681e-13,6.075e-15
4353.603,3.114e-13,5.986e-15
4358.176,3.327e-13,6.211e-15
4362.748,3.243e-13,6.135e-15
4367.319,3.169e-13,6.179e-15
4371.889,3.251e-13,6.084e-15
4376.458,3.176e-13,6.028e-15
4381.026,3.303e-13,6.126e-15
4385.594,2.905e-13,6.053e-15
4390.160,3.232e-13,6.059e-15
4394.726,3.188e-13,6.122e-15
4399.291,3.161e-13,6.086e-15
4403.855,3.064e-13,6.163e-15
4408.418,2.767e-13,5.986e-15
4412.981,2.926e-13,6.013e-15
4417.542,3.155e-13,6.096e-15
4422.103,3.212e-13,6.075e-15
4426.662,3.325e-13,6.194e-15
4431.221,3.441e-13,6.272e-15
4435.779,3.427e-13,6.289e-15
4440.337,3.944e-13,6.431e-15
4444.893,3.678e-13,6.425e-15
4449.449,3.460e-13,6.382e-15
4454.003,3.569e-13,6.325e-15
4458.557,3.250e-13,6.279e-15
4463.110,3.778e-13,6.411e-15
4467.663,3.590e-13,6.306e-15
4472.214,3.391e-13,6.289e-15
4476.765,3.220e-13,6.182e-15
4481.314,3.110e-13,6.050e-15
4485.863,2.963e-13,6.008e-15
4490.411,3.232e-13,5.950e-15
4494.959,2.998e-13,5.927e-15
4499.505,2.871e-13,5.851e-15
4504.051,2.822e-13,5.821e-15
4508.595,3.039e-13,5.761e-15
4513.139,2.858e-13,5.729e-15
4517.683,2.959e-13,5.690e-15
4522.225,2.781e-13,5.562e-15
4526.766,2.759e-13,5.457e-15
4531.307,2.988e-13,5.525e-15
4535.847,2.790e-13,5.481e-15
4540.386,2.799e-13,5.380e-15
4544.925,2.809e-13,5.288e-15
4549.462,2.581e-13,5.274e-15
4553.999,2.864e-13,5.217e-15
4558.535,2.584e-13,5.150e-15
4563.070,2.606e-13,5.062e-15
4567.604,2.804e-13,5.030e-15
4572.138,2.832e-13,5.009e-15
4576.671,2.772e-13,4.920e-15
4581.203,2.737e-13,4.819e-15
4585.734,2.800e-13,4.821e-15
4590.264,2.775e-13,4.813e-15
4594.794,2.901e-13,4.781e-15
4599.323,3.048e-13,4.810e-15
4603.851,2.885e-13,4.712e-15
4608.378,2.904e-13,4.668e-15
4612.905,2.956e-13,4.652e-15
4617.431,2.938e-13,4.637e-15
4621.956,3.122e-13,4.671e-15
4626.480,3.171e-13,4.605e-15
4631.003,2.956e-13,4.557e-15
4635.526,3.308e-13,4.653e-15
4640.048,3.344e-13,4.598e-15
4644.569,3.099e-13,4.497e-15
4649.089,3.023e-13,4.451e-15
4653.609,3.241e-13,4.476e-15
4658.128,2.929e-13,4.355e-15
4662.646,2.971e-13,4.323e-15
4667.163,3.232e-13,4.358e-15
4671.680,3.384e-13,4.367e-15
4676.196,3.287e-13,4.345e-15
4680.711,3.367e-13,4.297e-15
4685.225,3.094e-13,4.254e-15
4689.739,3.120e-13,4.191e-15
4694.252,2.997e-13,4.117e-15
4698.764,2.865e-13,4.021e-15
4703.275,2.736e-13,3.941e-15
4707.786,2.659e-13,3.906e-15
4712.296,2.792e-13,3.919e-15
4716.805,2.781e-13,3.901e-15
4721.314,2.588e-13,3.805e-15
4725.821,2.472e-13,3.756e-15
4730.328,2.733e-13,3.817e-15
4734.835,2.559e-13,3.754e-15
4739.340,2.560e-13,3.702e-15
4743.845,2.525e-13,3.664e-15
4748.349,2.410e-13,3.601e-15
4752.852,2.374e-13,3.510e-15
4757.355,2.262e-13,3.455e-15
4761.857,2.221e-13,3.445e-15
4766.358,2.274e-13,3.393e-15
4770.859,2.264e-13,3.387e-15
4775.359,2.461e-13,3.426e-15
4779.858,2.254e-13,3.362e-15
4784.356,2.302e-13,3.380e-15
4788.854,2.247e-13,3.314e-15
4793.351,2.289e-13,3.328e-15
4797.847,2.245e-13,3.300e-15
4802.343,2.280e-13,3.297e-15
4806.838,2.262e-13,3.292e-15
4811.332,2.258e-13,3.267e-15
4815.825,2.280e-13,3.303e-15
4820.318,2.406e-13,3.359e-15
4824.810,2.549e-13,3.440e-15
4829.302,3.370e-13,3.825e-15
4833.792,5.497e-13,4.685e-15
4838.282,8.765e-13,5.765e-15
4842.772,1.184e-12,6.613e-15
4847.261,1.484e-12,7.291e-15
4851.749,1.632e-12,7.509e-15
4856.236,1.767e-12,7.719e-15
4860.723,2.007e-12,8.143e-15
4865.209,1.848e-12,7.745e-15
4869.694,9.811e-13,5.758e-15
4874.179,3.697e-13,3.793e-15
4878.663,2.477e-13,3.267e-15
4883.146,2.351e-13,3.227e-15
4887.628,2.240e-13,3.186e-15
4892.110,2.212e-13,3.197e-15
4896.592,2.382e-13,3.256e-15
4901.072,2.442e-13,3.280e-15
4905.552,2.491e-13,3.319e-15
4910.032,2.474e-13,3.300e-15
4914.510,2.643e-13,3.347e-15
4918.988,2.690e-13,3.407e-15
4923.466,3.042e-13,3.535e-15
4927.943,3.906e-13,3.877e-15
4932.419,6.927e-13,4.890e-15
4936.894,1.399e-12,6.753e-15
4941.369,2.205e-12,8.362e-15
4945.843,3.119e-12,9.860e-15
4950.317,3.812e-12,1.084e-14
4954.789,4.399e-12,1.161e-14
4959.262,5.185e-12,1.257e-14
4963.733,4.516e-12,1.172e-14
4968.204,1.885e-12,7.676e-15
4972.675,6.087e-13,4.594e-15
4977.144,6.514e-13,4.759e-15
4981.613,1.492e-12,6.868e-15
4986.082,3.744e-12,1.061e-14
4990.550,6.192e-12,1.354e-14
4995.017,8.563e-12,1.585e-14
4999.484,1.064e-11,1.763e-14
5003.950,1.297e-11,1.939e-14
5008.415,1.479e-11,2.065e-14
5012.880,1.068e-11,1.754e-14
5017.344,3.477e-12,1.010e-14
5021.807,6.803e-13,4.718e-15
5026.270,3.033e-13,3.377e-15
5030.732,2.502e-13,3.154e-15
5035.194,2.257e-13,3.067e-15
5039.655,2.235e-13,3.034e-15
5044.116,2.211e-13,3.025e-15
5048.576,2.161e-13,3.002e-15
5053.035,2.098e-13,2.969e-15
5057.494,2.100e-13,2.978e-15
5061.952,1.981e-13,2.922e-15
5066.409,2.118e-13,2.984e-15
5070.866,1.955e-13,2.968e-15
5075.322,1.976e-13,2.971e-15
5079.778,1.910e-13,2.972e-15
5084.233,1.999e-13,2.996e-15
5088.688,1.971e-13,2.985e-15
5093.142,1.905e-13,2.931e-15
5097.595,1.993e-13,2.887e-15
5102.048,1.950e-13,2.861e-15
5106.500,1.908e-13,2.814e-15
5110.952,2.001e-13,2.798e-15
5115.403,1.864e-13,2.801e-15
5119.854,1.950e-13,2.780e-15
5124.304,1.896e-13,2.764e-15
5128.753,1.852e-13,2.780e-15
5133.202,1.885e-13,2.781e-15
5137.650,1.821e-13,2.772e-15
5142.098,1.925e-13,2.736e-15
5146.545,1.848e-13,2.768e-15
5150.991,2.019e-13,2.791e-15
5155.437,1.888e-13,2.766e-15
5159.883,1.692e-13,2.696e-15
5164.328,1.793e-13,2.713e-15
5168.772,1.819e-13,2.705e-15
5173.216,1.868e-13,2.716e-15
5177.659,1.892e-13,2.711e-15
5182.102,1.725e-13,2.676e-15
5186.544,1.747e-13,2.686e-15
5190.986,1.848e-13,2.687e-15
5195.427,1.814e-13,2.718e-15
5199.867,1.833e-13,2.702e-15
5204.307,1.860e-13,2.701e-15
5208.747,1.831e-13,2.688e-15
5213.186,1.821e-13,2.661e-15
5217.624,1.835e-13,2.659e-15
5222.062,1.772e-13,2.663e-15
5226.499,1.718e-13,2.625e-15
5230.936,1.853e-13,2.635e-15
5235.372,1.797e-13,2.610e-15
5239.808,1.806e-13,2.612e-15
5244.243,1.816e-13,2.623e-15
5248.678,1.843e-13,2.620e-15
5253.112,1.737e-13,2.602e-15
5257.546,1.752e-13,2.607e-15
5261.979,1.834e-13,2.632e-15
5266.412,1.756e-13,2.597e-15
5270.844,1.778e-13,2.592e-15
5275.276,1.813e-13,2.583e-15
5279.707,1.763e-13,2.547e-15
5284.137,1.771e-13,2.595e-15
5288.568,1.799e-13,2.575e-15
5292.997,1.762e-13,2.564e-15
5297.426,1.672e-13,2.539e-15
5301.855,1.697e-13,2.548e-15
5306.283,1.631e-13,2.524e-15
5310.711,1.642e-13,2.535e-15
5315.138,1.666e-13,2.517e-15
5319.565,1.576e-13,2.482e-15
5323.991,1.727e-13,2.519e-15
5328.416,1.690e-13,2.524e-15
5332.842,1.678e-13,2.519e-15
5337.266,1.707e-13,2.529e-15
5341.690,1.692e-13,2.566e-15
5346.114,1.623e-13,2.584e-15
5350.537,1.661e-13,2.641e-15
5354.960,1.666e-13,2.671e-15
5359.383,1.842e-13,2.688e-15
5363.804,1.652e-13,2.626e-15
5368.226,1.578e-13,2.553e-15
5372.647,1.595e-13,2.569e-15
5377.067,1.688e-13,2.602e-15
5381.487,1.850e-13,2.627e-15
5385.907,1.625e-13,2.595e-15
5390.326,1.637e-13,2.580e-15
5394.744,1.581e-13,2.575e-15
5399.162,1.669e-13,2.618e-15
5403.580,1.623e-13,2.648e-15
5407.997,1.666e-13,2.672e-15
5412.414,1.815e-13,2.717e-15
5416.830,1.864e-13,2.801e-15
5421.246,1.655e-13,2.741e-15
5425.662,1.561e-13,2.714e-15
5430.077,1.577e-13,2.660e-15
5434.491,1.578e-13,2.655e-15
5438.905,1.614e-13,2.666e-15
5443.319,1.586e-13,2.685e-15
5447.732,1.571e-13,2.694e-15
5452.145,1.612e-13,2.781e-15
5456.557,1.757e-13,2.939e-15
5460.969,1.606e-13,3.118e-15
5465.380,1.686e-13,3.126e-15
5469.792,1.646e-13,2.855e-15
5474.202,1.669e-13,2.652e-15
5478.612,1.586e-13,2.604e-15
5483.022,1.599e-13,2.604e-15
5487.431,1.570e-13,2.565e-15
5491.840,1.592e-13,2.544e-15
5496.249,1.534e-13,2.477e-15
5500.657,1.576e-13,2.477e-15
5505.065,1.720e-13,2.477e-15
5509.472,1.658e-13,2.489e-15
5513.879,1.680e-13,2.496e-15
5518.285,1.729e-13,2.534e-15
5522.691,1.708e-13,2.511e-15
5527.097,1.476e-13,2.420e-15
5531.502,1.609e-13,2.443e-15
5535.907,1.611e-13,2.431e-15
5540.311,1.810e-13,2.505e-15
5544.715,1.591e-13,2.388e-15
5549.119,1.513e-13,2.366e-15
5553.522,1.510e-13,2.321e-15
5557.925,1.427e-13,2.354e-15
5562.327,1.393e-13,2.338e-15
5566.729,1.596e-13,2.354e-15
5571.131,1.603e-13,2.374e-15
5575.532,1.495e-13,2.407e-15
5579.933,1.639e-13,2.423e-15
5584.334,1.530e-13,2.398e-15
5588.734,1.608e-13,2.365e-15
5593.133,1.564e-13,2.354e-15
5597.533,1.581e-13,2.331e-15
5601.932,1.638e-13,2.343e-15
5606.330,1.407e-13,2.276e-15
5610.729,1.537e-13,2.293e-15
5615.126,1.457e-13,2.283e-15
5619.524,1.546e-13,2.291e-15
5623.921,1.482e-13,2.277e-15
5628.318,1.387e-13,2.253e-15
5632.714,1.423e-13,2.264e-15
5637.110,1.479e-13,2.285e-15
5641.506,1.416e-13,2.255e-15
5645.901,1.457e-13,2.254e-15
5650.296,1.476e-13,2.267e-15
5654.691,1.586e-13,2.310e-15
5659.085,1.454e-13,2.247e-15
5663.479,1.428e-13,2.282e-15
5667.873,1.436e-13,2.311e-15
5672.266,1.531e-13,2.396e-15
5676.659,1.620e-13,2.426e-15
5681.051,1.557e-13,2.435e-15
5685.443,1.605e-13,2.479e-15
5689.835,1.431e-13,2.527e-15
5694.227,1.497e-13,2.487e-15
5698.618,1.479e-13,2.391e-15
5703.009,1.439e-13,2.344e-15
5707.399,1.391e-13,2.297e-15
5711.789,1.371e-13,2.295e-15
5716.179,1.436e-13,2.324e-15
5720.569,1.430e-13,2.274e-15
5724.958,1.423e-13,2.270e-15
5729.347,1.436e-13,2.238e-15
5733.735,1.382e-13,2.208e-15
5738.124,1.389e-13,2.200e-15
5742.512,1.333e-13,2.185e-15
5746.899,1.363e-13,2.212e-15
5751.286,1.474e-13,2.240e-15
5755.673,1.537e-13,2.276e-15
5760.060,1.324e-13,2.237e-15
5764.446,1.405e-13,2.296e-15
5768.832,1.320e-13,2.397e-15
5773.218,1.414e-13,2.412e-15
5777.604,1.440e-13,2.353e-15
5781.989,1.619e-13,2.307e-15
5786.374,1.634e-13,2.389e-15
5790.758,1.805e-13,2.563e-15
5795.142,2.123e-13,2.694e-15
5799.526,2.444e-13,2.717e-15
5803.910,2.662e-13,2.788e-15
5808.293,2.395e-13,2.640e-15
5812.676,2.137e-13,2.583e-15
5817.059,1.917e-13,2.456e-15
5821.442,1.716e-13,2.368e-15
5825.824,1.409e-13,2.283e-15
5830.206,1.475e-13,2.312e-15
5834.587,1.423e-13,2.260e-15
5838.969,1.356e-13,2.266e-15
5843.350,1.301e-13,2.251e-15
5847.731,1.293e-13,2.256e-15
5852.111,1.268e-13,2.254e-15
5856.491,1.344e-13,2.294e-15
5860.871,1.609e-13,2.406e-15
5865.251,2.306e-13,2.650e-15
5869.631,3.733e-13,3.167e-15
5874.010,7.003e-13,4.110e-15
5878.389,8.197e-13,4.413e-15
5882.768,3.920e-13,3.309e-15
5887.146,1.729e-13,2.481e-15
5891.524,1.306e-13,2.352e-15
5895.902,1.341e-13,2.367e-15
5900.280,1.229e-13,2.334e-15
5904.657,1.390e-13,2.383e-15
5909.034,1.373e-13,2.387e-15
5913.411,1.355e-13,2.389e-15
5917.788,1.218e-13,2.309e-15
5922.164,1.340e-13,2.334e-15
5926.540,1.285e-13,2.335e-15
5930.916,1.317e-13,2.333e-15
5935.292,1.277e-13,2.331e-15
5939.668,1.320e-13,2.321e-15
5944.043,1.269e-13,2.287e-15
5948.418,1.329e-13,2.281e-15
5952.792,1.294e-13,2.264e-15
5957.167,1.229e-13,2.239e-15
5961.541,1.302e-13,2.242e-15
5965.915,1.328e-13,2.249e-15
5970.289,1.325e-13,2.244e-15
5974.663,1.149e-13,2.197e-15
5979.036,1.168e-13,2.179e-15
5983.409,1.241e-13,2.201e-15
5987.782,1.254e-13,2.205e-15
5992.155,1.338e-13,2.215e-15
5996.528,1.198e-13,2.167e-15
6000.900,1.161e-13,2.157e-15
6005.272,1.325e-13,2.173e-15
6009.644,1.320e-13,2.152e-15
6014.016,1.240e-13,2.160e-15
6018.387,1.223e-13,2.123e-15
6022.759,1.299e-13,2.147e-15
6027.130,1.243e-13,2.126e-15
6031.501,1.201e-13,2.113e-15
6035.871,1.174e-13,2.123e-15
6040.242,1.311e-13,2.109e-15
6044.612,1.253e-13,2.137e-15
6048.982,1.135e-13,2.065e-15
6053.352,1.221e-13,2.103e-15
6057.722,1.218e-13,2.082e-15
6062.091,1.250e-13,2.090e-15
6066.461,1.226e-13,2.071e-15
6070.830,1.251e-13,2.086e-15
6075.199,1.263e-13,2.085e-15
6079.568,1.290e-13,2.117e-15
6083.936,1.169e-13,2.123e-15
6088.305,1.308e-13,2.120e-15
6092.673,1.310e-13,2.120e-15
6097.041,1.298e-13,2.152e-15
6101.409,1.247e-13,2.164e-15
6105.777,1.213e-13,2.235e-15
6110.145,1.291e-13,2.319e-15
6114.512,1.140e-13,2.366e-15
6118.879,1.196e-13,2.355e-15
6123.247,1.227e-13,2.242e-15
6127.613,1.318e-13,2.194e-15
6131.980,1.226e-13,2.154e-15
6136.347,1.200e-13,2.126e-15
6140.713,1.221e-13,2.149e-15
6145.080,1.240e-13,2.177e-15
6149.446,1.203e-13,2.139e-15
6153.812,1.182e-13,2.133e-15
6158.178,1.296e-13,2.141e-15
6162.544,1.159e-13,2.125e-15
6166.909,1.188e-13,2.108e-15
6171.275,1.207e-13,2.088e-15
6175.640,1.174e-13,2.032e-15
6180.005,1.102e-13,2.036e-15
6184.370,1.279e-13,2.043e-15
6188.735,1.127e-13,2.040e-15
6193.100,1.208e-13,2.070e-15
6197.465,1.234e-13,2.050e-15
6201.829,1.128e-13,2.029e-15
6206.194,1.147e-13,2.025e-15
6210.558,1.161e-13,2.059e-15
6214.922,1.156e-13,2.066e-15
6219.286,1.136e-13,2.035e-15
6223.650,1.132e-13,2.011e-15
6228.014,1.184e-13,2.018e-15
6232.377,1.158e-13,2.014e-15
6236.741,1.144e-13,2.026e-15
6241.104,1.055e-13,2.034e-15
6245.468,1.232e-13,2.076e-15
6249.831,1.154e-13,2.007e-15
6254.194,1.080e-13,2.037e-15
6258.557,1.117e-13,2.044e-15
6262.920,1.190e-13,2.066e-15
6267.283,1.175e-13,2.051e-15
6271.646,1.232e-13,2.058e-15
6276.008,1.104e-13,1.998e-15
6280.371,1.094e-13,1.979e-15
6284.733,1.147e-13,1.982e-15
6289.095,1.132e-13,2.002e-15
6293.458,1.144e-13,2.053e-15
6297.820,1.215e-13,2.062e-15
6302.182,1.336e-13,2.109e-15
6306.544,1.330e-13,2.157e-15
6310.906,1.476e-13,2.203e-15
6315.267,1.457e-13,2.173e-15
6319.629,1.286e-13,2.031e-15
6323.991,1.237e-13,1.992e-15
6328.352,1.138e-13,1.979e-15
6332.714,1.062e-13,1.938e-15
6337.075,1.094e-13,1.933e-15
6341.437,1.143e-13,1.947e-15
6345.798,1.123e-13,1.905e-15
6350.159,1.075e-13,1.901e-15
6354.520,1.078e-13,1.890e-15
6358.881,1.127e-13,1.892e-15
6363.242,1.148e-13,1.919e-15
6367.603,1.167e-13,1.916e-15
6371.964,1.137e-13,1.910e-15
6376.325,1.059e-13,1.869e-15
6380.686,1.124e-13,1.894e-15
6385.047,1.188e-13,1.921e-15
6389.407,1.120e-13,1.894e-15
6393.768,1.136e-13,1.870e-15
6398.128,1.136e-13,1.870e-15
6402.489,1.115e-13,1.849e-15
6406.849,1.082e-13,1.861e-15
6411.210,1.060e-13,1.846e-15
6415.570,1.041e-13,1.831e-15
6419.931,1.151e-13,1.878e-15
6424.291,1.078e-13,1.834e-15
6428.651,1.093e-13,1.828e-15
6433.011,1.122e-13,1.841e-15
6437.372,1.120e-13,1.827e-15
6441.732,1.170e-13,1.844e-15
6446.092,1.026e-13,1.816e-15
6450.452,9.902e-14,1.807e-15
6454.812,1.178e-13,1.859e-15
6459.172,1.161e-13,1.857e-15
6463.532,1.125e-13,1.859e-15
6467.893,1.023e-13,1.808e-15
6472.253,1.094e-13,1.813e-15
6476.613,1.102e-13,1.820e-15
6480.973,1.065e-13,1.809e-15
6485.333,1.036e-13,1.806e-15
6489.693,1.101e-13,1.826e-15
6494.053,1.140e-13,1.867e-15
6498.413,1.157e-13,1.837e-15
6502.772,1.086e-13,1.846e-15
6507.132,1.144e-13,1.830e-15
6511.492,1.087e-13,1.823e-15
6515.852,1.171e-13,1.819e-15
6520.212,1.098e-13,1.790e-15
6524.572,1.230e-13,1.890e-15
6528.932,1.371e-13,1.976e-15
6533.292,2.000e-13,2.303e-15
6537.652,3.500e-13,2.916e-15
6542.012,7.259e-13,4.070e-15
6546.372,1.491e-12,5.755e-15
6550.732,2.671e-12,7.651e-15
6555.092,4.248e-12,9.629e-15
6559.452,6.449e-12,1.185e-14
6563.812,9.410e-12,1.430e-14
6568.173,6.181e-12,1.161e-14
6572.533,1.116e-12,5.008e-15
6576.893,4.465e-13,3.246e-15
6581.253,5.038e-13,3.442e-15
6585.613,6.025e-13,3.745e-15
6589.973,3.179e-13,2.810e-15
6594.334,1.269e-13,1.915e-15
6598.694,1.051e-13,1.794e-15
6603.054,1.041e-13,1.786e-15
6607.415,1.090e-13,1.779e-15
6611.775,1.119e-13,1.768e-15
6616.136,1.039e-13,1.747e-15
6620.496,1.092e-13,1.793e-15
6624.857,1.052e-13,1.742e-15
6629.217,1.055e-13,1.752e-15
6633.578,1.095e-13,1.729e-15
6637.939,1.027e-13,1.739e-15
6642.299,1.054e-13,1.749e-15
6646.660,1.050e-13,1.743e-15
6651.021,1.081e-13,1.751e-15
6655.382,1.028e-13,1.752e-15
6659.743,1.196e-13,1.838e-15
6664.104,1.391e-13,1.928e-15
6668.465,1.526e-13,2.053e-15
6672.826,1.921e-13,2.235e-15
6677.187,2.290e-13,2.400e-15
6681.549,2.360e-13,2.431e-15
6685.910,1.393e-13,1.930e-15
6690.272,9.789e-14,1.711e-15
6694.633,1.034e-13,1.718e-15
6698.995,1.058e-13,1.766e-15
6703.356,1.039e-13,1.769e-15
6707.718,1.125e-13,1.835e-15
6712.080,1.264e-13,1.915e-15
6716.442,1.373e-13,1.946e-15
6720.804,1.329e-13,1.918e-15
6725.166,1.270e-13,1.862e-15
6729.528,1.330e-13,1.927e-15
6733.890,1.429e-13,1.954e-15
6738.253,1.151e-13,1.783e-15
6742.615,9.743e-14,1.718e-15
6746.978,1.011e-13,1.720e-15
6751.341,1.049e-13,1.709e-15
6755.703,9.668e-14,1.691e-15
6760.066,9.914e-14,1.686e-15
6764.429,9.543e-14,1.655e-15
6768.792,9.632e-14,1.636e-15
6773.155,9.162e-14,1.647e-15
6777.519,9.790e-14,1.696e-15
6781.882,9.819e-14,1.696e-15
6786.245,9.457e-14,1.685e-15
6790.609,9.269e-14,1.676e-15
6794.973,9.766e-14,1.711e-15
6799.337,1.011e-13,1.716e-15
6803.701,9.696e-14,1.692e-15
6808.065,1.023e-13,1.731e-15
6812.429,1.007e-13,1.711e-15
6816.793,9.719e-14,1.713e-15
6821.158,1.060e-13,1.740e-15
6825.522,9.833e-14,1.731e-15
6829.887,9.527e-14,1.729e-15
6834.252,9.225e-14,1.733e-15
6838.617,9.214e-14,1.699e-15
6842.982,9.232e-14,1.695e-15
6847.347,1.049e-13,1.739e-15
6851.713,9.073e-14,1.710e-15
6856.078,9.332e-14,1.701e-15
6860.444,9.441e-14,1.720e-15
6864.810,8.484e-14,1.660e-15
6869.176,8.076e-14,1.629e-15
6873.542,7.433e-14,1.567e-15
6877.908,8.386e-14,1.626e-15
6882.274,8.733e-14,1.674e-15
6886.641,8.882e-14,1.717e-15
6891.008,9.504e-14,1.704e-15
6895.375,9.166e-14,1.683e-15
6899.742,8.809e-14,1.676e-15
6904.109,9.993e-14,1.704e-15
6908.476,9.040e-14,1.664e-15
6912.844,9.036e-14,1.693e-15
6917.211,9.010e-14,1.677e-15
6921.579,8.797e-14,1.667e-15
6925.947,9.531e-14,1.677e-15
6930.315,8.961e-14,1.690e-15
6934.684,8.318e-14,1.667e-15
6939.052,9.504e-14,1.723e-15
6943.421,9.244e-14,1.692e-15
6947.790,9.019e-14,1.739e-15
6952.159,9.917e-14,1.764e-15
6956.528,9.048e-14,1.744e-15
6960.898,9.012e-14,1.749e-15
6965.267,9.743e-14,1.718e-15
6969.637,9.901e-14,1.717e-15
6974.007,9.952e-14,1.732e-15
6978.378,1.035e-13,1.743e-15
6982.748,8.568e-14,1.716e-15
6987.119,8.710e-14,1.728e-15
6991.489,8.474e-14,1.733e-15
6995.860,9.885e-14,1.757e-15
7000.231,9.277e-14,1.743e-15
7004.603,9.500e-14,1.765e-15
7008.974,9.263e-14,1.765e-15
7013.346,9.345e-14,1.776e-15
7017.718,9.400e-14,1.790e-15
7022.090,9.658e-14,1.782e-15
7026.463,8.833e-14,1.794e-15
7030.836,9.091e-14,1.746e-15
7035.208,9.366e-14,1.783e-15
7039.581,1.007e-13,1.789e-15
7043.955,1.049e-13,1.819e-15
7048.328,1.289e-13,1.966e-15
7052.702,1.489e-13,2.117e-15
7057.076,1.806e-13,2.314e-15
7061.450,2.014e-13,2.460e-15
7065.825,2.512e-13,2.733e-15
7070.199,1.930e-13,2.442e-15
7074.574,1.090e-13,1.870e-15
7078.949,9.469e-14,1.748e-15
7083.324,9.256e-14,1.781e-15
7087.700,8.861e-14,1.773e-15
7092.076,8.979e-14,1.736e-15
7096.452,9.571e-14,1.762e-15
7100.828,1.012e-13,1.794e-15
7105.205,9.420e-14,1.759e-15
7109.582,1.139e-13,1.895e-15
7113.959,1.435e-13,2.127e-15
7118.336,1.903e-13,2.462e-15
7122.713,2.704e-13,2.907e-15
7127.091,3.564e-13,3.286e-15
7131.469,4.161e-13,3.528e-15
7135.847,5.540e-13,4.042e-15
7140.226,4.270e-13,3.538e-15
7144.605,1.527e-13,2.152e-15
7148.984,1.003e-13,1.774e-15
7153.363,8.661e-14,1.723e-15
7157.743,9.105e-14,1.766e-15
7162.123,9.391e-14,1.763e-15
7166.503,8.494e-14,1.825e-15
7170.883,8.927e-14,1.811e-15
7175.264,7.544e-14,1.803e-15
7179.645,8.219e-14,1.839e-15
7184.026,8.623e-14,1.861e-15
7188.407,7.690e-14,1.821e-15
7192.789,8.120e-14,1.859e-15
7197.171,8.821e-14,1.854e-15
7201.554,7.567e-14,1.812e-15
7205.936,8.416e-14,1.779e-15
7210.319,8.235e-14,1.788e-15
7214.702,8.421e-14,1.858e-15
7219.086,8.200e-14,1.817e-15
7223.470,9.275e-14,1.889e-15
7227.854,8.631e-14,1.883e-15
7232.238,8.918e-14,1.846e-15
7236.623,8.300e-14,1.896e-15
7241.008,8.424e-14,1.901e-15
7245.393,8.095e-14,1.880e-15
7249.779,8.862e-14,1.863e-15
7254.165,8.164e-14,1.790e-15
7258.551,8.564e-14,1.879e-15
7262.937,8.677e-14,1.887e-15
7267.324,8.441e-14,1.894e-15
7271.711,9.214e-14,1.939e-15
7276.099,1.010e-13,1.955e-15
7280.486,8.708e-14,1.958e-15
7284.874,9.802e-14,1.915e-15
7289.263,8.115e-14,1.812e-15
7293.651,8.301e-14,1.761e-15
7298.040,7.613e-14,1.829e-15
7302.430,9.495e-14,1.934e-15
7306.819,9.045e-14,1.980e-15
7311.209,1.014e-13,2.019e-15
7315.600,1.044e-13,2.097e-15
7319.990,1.378e-13,2.239e-15
7324.381,1.137e-13,2.165e-15
7328.773,1.028e-13,2.027e-15
7333.164,1.075e-13,2.032e-15
7337.556,8.921e-14,1.875e-15
7341.949,7.811e-14,1.772e-15
7346.341,8.520e-14,1.811e-15
7350.734,8.849e-14,1.827e-15
7355.128,7.999e-14,1.822e-15
7359.522,8.401e-14,1.868e-15
7363.916,8.196e-14,1.855e-15
7368.310,7.823e-14,1.911e-15
7372.705,8.068e-14,1.901e-15
7377.100,8.890e-14,1.895e-15
7381.496,7.726e-14,1.840e-15
7385.891,8.361e-14,1.863e-15
7390.288,9.226e-14,1.916e-15
7394.684,9.219e-14,1.924e-15
7399.081,8.676e-14,1.904e-15
7403.478,8.050e-14,1.866e-15
7407.876,8.795e-14,1.888e-15
7412.274,8.300e-14,1.886e-15
7416.673,9.016e-14,1.964e-15
7421.071,8.201e-14,1.934e-15
7425.470,9.144e-14,1.989e-15
7429.870,7.553e-14,1.934e-15
7434.270,7.715e-14,1.989e-15
7438.670,9.112e-14,2.000e-15
7443.071,9.133e-14,2.013e-15
7447.472,9.458e-14,1.989e-15
7451.873,8.186e-14,1.938e-15
7456.275,8.118e-14,1.925e-15
7460.677,8.033e-14,1.935e-15
7465.080,7.410e-14,1.909e-15
7469.483,8.838e-14,1.958e-15
7473.886,7.910e-14,1.918e-15
7478.290,8.879e-14,2.009e-15
7482.694,7.854e-14,1.919e-15
7487.099,8.234e-14,1.933e-15
7491.504,7.696e-14,1.870e-15
7495.909,8.510e-14,1.913e-15
7500.315,7.871e-14,1.875e-15
7504.721,7.671e-14,1.976e-15
7509.128,8.744e-14,2.020e-15
7513.535,9.935e-14,2.151e-15
7517.943,8.700e-14,2.065e-15
7522.350,8.414e-14,1.988e-15
7526.759,8.467e-14,1.901e-15
7531.167,8.097e-14,1.803e-15
7535.576,8.429e-14,1.815e-15
7539.986,8.528e-14,1.964e-15
7544.396,8.050e-14,1.985e-15
7548.806,8.689e-14,2.041e-15
7553.217,8.302e-14,1.958e-15
7557.628,7.982e-14,1.896e-15
7562.040,6.952e-14,1.846e-15
7566.452,8.116e-14,1.862e-15
7570.865,8.859e-14,2.059e-15
7575.278,7.333e-14,2.086e-15
7579.691,9.667e-14,2.416e-15
7584.105,9.400e-14,2.467e-15
7588.519,8.578e-14,2.557e-15
7592.934,6.139e-14,2.289e-15
7597.349,4.900e-14,2.061e-15
7601.765,3.951e-14,1.740e-15
7606.181,2.970e-14,1.527e-15
7610.597,4.051e-14,1.818e-15
7615.014,4.030e-14,1.841e-15
7619.432,4.558e-14,1.960e-15
7623.850,4.512e-14,1.984e-15
7628.268,4.640e-14,1.818e-15
7632.687,3.274e-14,1.940e-15
7637.106,4.987e-14,1.982e-15
7641.526,4.935e-14,2.018e-15
7645.946,6.490e-14,2.131e-15
7650.367,6.419e-14,2.042e-15
7654.788,7.179e-14,2.034e-15
7659.209,6.795e-14,1.994e-15
7663.631,7.263e-14,1.997e-15
7668.054,7.175e-14,2.028e-15
7672.477,7.949e-14,2.167e-15
7676.900,7.430e-14,2.197e-15
7681.324,8.619e-14,2.219e-15
7685.749,7.176e-14,2.088e-15
7690.174,8.092e-14,2.179e-15
7694.599,8.186e-14,2.179e-15
7699.025,8.640e-14,2.236e-15
7703.451,7.797e-14,2.222e-15
7707.878,9.397e-14,2.217e-15
7712.306,9.476e-14,2.265e-15
7716.734,9.726e-14,2.354e-15
7721.162,9.295e-14,2.305e-15
7725.591,9.280e-14,2.361e-15
7730.020,9.333e-14,2.340e-15
7734.450,9.949e-14,2.434e-15
7738.880,1.321e-13,2.716e-15
7743.311,1.442e-13,2.784e-15
7747.743,1.568e-13,2.879e-15
7752.174,1.891e-13,3.065e-15
7756.607,1.414e-13,2.802e-15
7761.040,9.847e-14,2.319e-15
7765.473,8.656e-14,2.197e-15
7769.907,8.253e-14,2.205e-15
7774.342,7.922e-14,2.190e-15
7778.777,7.650e-14,2.213e-15
7783.212,7.736e-14,2.173e-15
7787.648,8.885e-14,2.186e-15
7792.085,7.408e-14,2.221e-15
7796.522,8.732e-14,2.169e-15
7800.959,6.337e-14,2.083e-15
7805.397,7.821e-14,2.127e-15
7809.836,7.396e-14,2.080e-15
7814.275,7.340e-14,2.051e-15
7818.715,7.069e-14,2.027e-15
7823.155,7.849e-14,2.100e-15
7827.596,6.868e-14,2.027e-15
7832.037,8.318e-14,2.200e-15
7836.479,7.134e-14,2.072e-15
7840.922,8.761e-14,2.155e-15
7845.365,7.466e-14,2.211e-15
7849.808,7.607e-14,2.275e-15
7854.252,5.789e-14,2.141e-15
7858.697,5.939e-14,2.190e-15
7863.142,6.368e-14,2.159e-15
7867.588,7.500e-14,2.260e-15
7872.034,8.444e-14,2.298e-15
7876.481,8.045e-14,2.178e-15
7880.928,7.304e-14,2.142e-15
7885.376,7.644e-14,2.093e-15
7889.825,7.254e-14,2.177e-15
7894.274,6.905e-14,2.213e-15
7898.723,7.854e-14,2.305e-15
7903.173,7.914e-14,2.366e-15
7907.624,6.540e-14,2.368e-15
7912.076,8.610e-14,2.430e-15
7916.528,6.898e-14,2.385e-15
7920.980,8.478e-14,2.580e-15
7925.433,9.168e-14,2.667e-15
7929.887,9.453e-14,2.651e-15
7934.341,7.992e-14,2.681e-15
7938.796,8.649e-14,2.509e-15
7943.251,8.220e-14,2.362e-15
7947.707,7.691e-14,2.380e-15
7952.164,7.572e-14,2.324e-15
7956.621,7.730e-14,2.389e-15
7961.079,7.415e-14,2.335e-15
7965.537,7.331e-14,2.384e-15
7969.996,7.520e-14,2.370e-15
7974.456,6.844e-14,2.342e-15
7978.916,9.742e-14,2.523e-15
7983.377,7.479e-14,2.314e-15
7987.838,7.452e-14,2.373e-15
7992.300,7.834e-14,2.374e-15
7996.763,7.043e-14,2.378e-15
8001.226,5.463e-14,2.191e-15
8005.690,6.767e-14,2.322e-15
8010.154,5.872e-14,2.222e-15
8014.619,7.209e-14,2.292e-15
8019.085,5.831e-14,2.302e-15
8023.551,6.740e-14,2.381e-15
8028.018,8.125e-14,2.379e-15
8032.485,6.872e-14,2.403e-15
8036.954,7.881e-14,2.332e-15
8041.422,7.547e-14,2.250e-15
8045.892,7.203e-14,2.267e-15
8050.362,7.841e-14,2.316e-15
8054.832,7.971e-14,2.245e-15
8059.304,4.694e-14,2.108e-15
8063.776,7.030e-14,2.239e-15
8068.248,6.026e-14,2.224e-15
8072.721,7.406e-14,2.192e-15
8077.195,7.042e-14,2.379e-15
8081.670,6.204e-14,2.228e-15
8086.145,7.329e-14,2.496e-15
8090.620,6.431e-14,2.465e-15
8095.097,7.059e-14,2.407e-15
8099.574,5.649e-14,2.319e-15
8104.052,5.320e-14,2.350e-15
8108.530,5.972e-14,2.332e-15
8113.009,5.555e-14,2.318e-15
8117.489,6.444e-14,2.289e-15
8121.969,7.077e-14,2.278e-15
8126.450,8.012e-14,2.295e-15
8130.931,5.527e-14,2.204e-15
8135.414,5.068e-14,2.173e-15
8139.897,6.226e-14,2.319e-15
8144.380,6.305e-14,2.368e-15
8148.865,6.039e-14,2.444e-15
8153.350,7.996e-14,2.633e-15
8157.835,6.219e-14,2.592e-15
8162.321,7.516e-14,2.649e-15
8166.808,5.661e-14,2.672e-15
8171.296,6.351e-14,2.613e-15
8175.784,6.458e-14,2.729e-15
8180.273,6.281e-14,2.939e-15
8184.763,7.046e-14,3.060e-15
8189.254,1.002e-13,3.485e-15
8193.745,1.065e-13,3.662e-15
8198.236,1.239e-13,3.554e-15
8202.729,6.029e-14,3.159e-15
8207.222,8.190e-14,2.974e-15
8211.716,6.501e-14,2.663e-15
8216.210,5.441e-14,2.475e-15
8220.706,4.591e-14,2.479e-15
8225.201,5.039e-14,2.378e-15
8229.698,5.932e-14,2.631e-15
8234.195,5.804e-14,2.609e-15
8238.693,4.481e-14,2.620e-15
8243.192,7.731e-14,2.676e-15
8247.692,7.644e-14,2.639e-15
8252.192,7.083e-14,2.636e-15
8256.693,5.666e-14,2.503e-15
8261.194,7.217e-14,2.561e-15
8265.696,7.247e-14,2.543e-15
8270.199,6.600e-14,2.599e-15
8274.703,5.322e-14,2.499e-15
8279.208,5.644e-14,2.550e-15
8283.713,3.910e-14,2.456e-15
8288.219,5.935e-14,2.432e-15
8292.725,5.749e-14,2.362e-15
8297.233,6.753e-14,2.484e-15
8301.741,5.242e-14,2.322e-15
8306.250,6.540e-14,2.313e-15
8310.759,5.021e-14,2.177e-15
8315.269,6.261e-14,2.246e-15
8319.780,5.281e-14,2.192e-15
8324.292,6.482e-14,2.380e-15
8328.805,5.589e-14,2.341e-15
8333.318,5.138e-14,2.263e-15
8337.832,3.646e-14,2.431e-15
8342.347,4.795e-14,2.581e-15
8346.862,5.853e-14,2.586e-15
8351.378,3.976e-14,2.541e-15
8355.895,3.286e-14,2.560e-15
8360.413,5.799e-14,2.645e-15
8364.931,4.132e-14,2.664e-15
8369.451,5.510e-14,2.578e-15
8373.971,5.104e-14,2.437e-15
8378.491,5.224e-14,2.514e-15
8383.013,4.951e-14,2.332e-15
8387.535,5.394e-14,2.319e-15
8392.058,4.288e-14,2.120e-15
8396.582,5.889e-14,2.171e-15
8401.106,5.352e-14,2.218e-15
8405.632,5.062e-14,2.209e-15
8410.158,5.394e-14,2.494e-15
8414.685,7.325e-14,2.505e-15
8419.212,4.296e-14,2.439e-15
8423.741,4.425e-14,2.456e-15
8428.270,4.748e-14,2.663e-15
8432.800,4.871e-14,2.586e-15
8437.331,4.478e-14,2.768e-15
8441.863,7.078e-14,2.870e-15
8446.395,5.507e-14,2.778e-15
8450.928,4.689e-14,2.718e-15
8455.462,3.583e-14,2.412e-15
8459.997,4.871e-14,2.573e-15
8464.532,2.900e-14,2.526e-15
8469.069,6.328e-14,2.606e-15
8473.606,4.451e-14,2.478e-15
8478.144,7.167e-14,2.607e-15
8482.682,5.324e-14,2.586e-15
8487.222,7.559e-14,2.513e-15
8491.762,4.652e-14,2.493e-15
8496.303,7.350e-14,2.355e-15
8500.845,4.752e-14,2.426e-15
8505.388,7.455e-14,2.786e-15
8509.932,5.685e-14,2.807e-15
8514.476,4.801e-14,2.866e-15
8519.021,5.768e-14,3.043e-15
8523.567,5.781e-14,2.854e-15
8528.114,3.555e-14,2.791e-15
8532.662,4.960e-14,2.774e-15
8537.210,6.809e-14,2.670e-15
8541.759,6.498e-14,2.730e-15
8546.309,5.193e-14,2.769e-15
8550.860,4.323e-14,2.862e-15
8555.412,5.019e-14,3.049e-15
8559.965,5.230e-14,2.998e-15
8564.518,4.611e-14,2.860e-15
8569.073,5.315e-14,2.817e-15
8573.628,3.633e-14,2.680e-15
8578.184,5.520e-14,2.628e-15
8582.740,5.330e-14,2.522e-15
8587.298,5.475e-14,2.623e-15
8591.857,4.766e-14,2.290e-15
8596.416,4.966e-14,2.361e-15
8600.976,4.146e-14,2.398e-15
8605.537,5.862e-14,2.486e-15
8610.099,5.835e-14,2.770e-15
8614.662,5.495e-14,2.795e-15
8619.225,4.617e-14,2.909e-15
8623.790,5.651e-14,2.949e-15
8628.355,4.131e-14,2.995e-15
8632.921,4.148e-14,2.984e-15
8637.488,3.314e-14,2.929e-15
8642.056,3.646e-14,3.021e-15
8646.625,3.696e-14,3.126e-15
8651.195,4.821e-14,3.191e-15
8655.765,6.756e-14,3.291e-15
8660.336,7.918e-14,3.322e-15
8664.909,6.227e-14,3.196e-15
8669.482,7.395e-14,3.313e-15
8674.056,9.993e-14,3.398e-15
8678.631,9.161e-14,3.473e-15
8683.206,7.978e-14,3.280e-15
8687.783,7.801e-14,3.318e-15
8692.360,7.491e-14,3.265e-15
8696.939,7.936e-14,3.095e-15
8701.518,3.559e-14,2.700e-15
8706.098,7.511e-14,2.979e-15
8710.679,3.938e-14,2.967e-15
8715.261,6.961e-14,3.140e-15
8719.844,3.041e-14,3.090e-15
8724.428,4.972e-14,3.314e-15
8729.013,6.876e-14,3.512e-15
8733.598,2.895e-14,3.311e-15
8738.185,4.019e-14,3.290e-15
8742.772,5.299e-14,3.108e-15
8747.360,3.297e-14,3.036e-15
8751.949,3.834e-14,2.988e-15
8756.540,3.684e-14,3.109e-15
8761.131,9.446e-14,3.451e-15
8765.722,6.753e-14,3.400e-15
8770.315,6.281e-14,3.398e-15
8774.909,5.343e-14,3.110e-15
8779.504,5.538e-14,3.075e-15
8784.099,2.967e-14,2.984e-15
8788.696,9.167e-14,3.102e-15
8793.293,5.144e-14,2.932e-15
8797.892,7.656e-14,3.257e-15
8802.491,2.725e-14,3.033e-15
8807.091,4.321e-14,3.300e-15
8811.692,4.176e-14,3.222e-15
8816.294,4.605e-14,3.379e-15
8820.897,8.117e-14,3.650e-15
8825.501,3.800e-14,3.672e-15
8830.106,4.315e-14,3.646e-15
8834.712,6.123e-14,3.806e-15
8839.319,4.192e-14,3.626e-15
8843.926,6.806e-14,3.773e-15
8848.535,6.546e-14,3.656e-15
8853.145,6.638e-14,3.250e-15
8857.755,2.733e-14,3.109e-15
8862.367,4.083e-14,3.065e-15
8866.979,4.543e-14,3.096e-15
8871.592,6.630e-14,3.305e-15
8876.207,6.884e-14,3.598e-15
8880.822,7.211e-14,3.850e-15
8885.438,7.378e-14,3.965e-15
8890.056,8.357e-14,3.734e-15
8894.674,7.864e-14,3.800e-15
8899.293,3.802e-14,3.368e-15
8903.913,6.519e-14,3.339e-15
8908.534,6.829e-14,3.325e-15
8913.156,4.148e-14,3.214e-15
8917.779,6.301e-14,3.375e-15
8922.403,5.135e-14,3.359e-15
8927.028,4.765e-14,3.529e-15
8931.654,3.954e-14,3.592e-15
8936.281,4.512e-14,3.477e-15
8940.909,1.868e-14,3.660e-15
8945.538,5.951e-14,4.129e-15
8950.168,5.976e-14,4.133e-15
8954.799,6.503e-14,4.101e-15
8959.431,4.398e-14,4.019e-15
8964.063,5.358e-14,3.855e-15
8968.697,4.998e-14,3.846e-15
8973.332,6.614e-14,3.684e-15
8977.968,4.047e-14,3.495e-15
8982.605,4.805e-14,3.315e-15
8987.243,2.456e-14,2.972e-15
8991.881,3.673e-14,2.848e-15
8996.521,2.309e-14,2.658e-15
9001.162,4.010e-14,2.757e-15
9005.804,4.429e-14,2.667e-15
9010.447,4.515e-14,2.590e-15
9015.091,3.099e-14,2.537e-15
9019.736,4.464e-14,2.727e-15
9024.382,3.785e-14,3.484e-15
9029.028,4.697e-14,3.750e-15
9033.676,7.521e-14,4.414e-15
9038.325,8.394e-14,4.800e-15
9042.975,9.280e-14,4.988e-15
9047.626,4.046e-14,4.596e-15
9052.278,3.926e-14,4.679e-15
9056.931,6.499e-14,4.309e-15
9061.585,2.322e-14,3.979e-15
9066.240,3.296e-14,4.193e-15
9070.897,3.630e-14,4.009e-15
9075.554,8.173e-14,4.063e-15
9080.212,5.632e-14,4.306e-15
9084.871,1.394e-13,4.970e-15
9089.531,3.141e-13,6.747e-15
9094.193,5.627e-13,8.582e-15
9098.855,5.206e-13,8.009e-15
9103.519,1.479e-13,5.117e-15
9108.183,6.057e-14,3.798e-15
9112.848,7.345e-14,3.778e-15
9117.515,5.609e-14,3.707e-15
9122.183,2.775e-14,3.342e-15
9126.851,4.909e-14,3.903e-15
9131.521,3.783e-14,3.552e-15
9136.192,4.723e-14,3.806e-15
9140.864,5.545e-14,3.962e-15
9145.536,4.066e-14,4.184e-15
9150.210,3.756e-14,4.008e-15
9154.885,3.774e-14,4.490e-15
9159.561,6.363e-14,4.378e-15
9164.239,4.967e-14,4.495e-15
9168.917,3.326e-14,4.618e-15
9173.596,5.742e-14,4.532e-15
9178.276,6.577e-14,4.642e-15
9182.958,2.978e-14,4.622e-15
9187.640,6.001e-14,4.591e-15
9192.324,1.870e-14,4.541e-15
9197.009,4.726e-14,4.339e-15
9201.694,6.317e-14,4.345e-15
9206.381,4.430e-14,4.139e-15
9211.069,3.159e-15,3.539e-15
9215.758,2.489e-14,3.522e-15
9220.448,3.142e-14,3.334e-15
9225.139,2.542e-14,3.105e-15
9229.832,3.063e-14,3.090e-15
9234.525,5.870e-14,3.281e-15
9239.219,2.065e-14,3.354e-15
9243.915,3.863e-14,3.388e-15
9248.612,8.933e-14,3.911e-15
9253.309,3.197e-14,4.134e-15
9258.008,1.043e-13,5.189e-15
9262.708,9.783e-14,5.228e-15
9267.409,9.214e-14,5.433e-15
9272.111,8.066e-14,4.682e-15
9276.815,6.590e-14,4.908e-15
9281.519,4.919e-14,4.661e-15
9286.225,5.254e-14,4.609e-15
9290.931,5.809e-14,4.963e-15
9295.639,4.418e-15,4.435e-15
9300.348,2.652e-14,4.352e-15
9305.058,9.348e-15,4.417e-15
9309.769,8.103e-14,4.472e-15
9314.481,-3.390e-15,3.644e-15
9319.195,6.781e-14,3.752e-15
9323.909,2.716e-14,3.725e-15
9328.625,3.829e-14,3.634e-15
9333.342,4.575e-14,3.282e-15
9338.059,1.451e-14,3.067e-15
9342.779,3.306e-14,3.169e-15
9347.499,2.326e-14,3.279e-15
9352.220,3.708e-14,3.620e-15
9356.942,3.602e-14,3.602e-15
9361.666,2.039e-14,3.787e-15
9366.391,6.304e-14,4.087e-15
9371.117,2.871e-14,4.288e-15
9375.844,3.641e-14,4.035e-15
9380.572,2.552e-14,5.141e-15
9385.301,5.691e-14,5.647e-15
9390.032,1.387e-14,5.519e-15
9394.763,4.018e-14,5.759e-15
9399.496,4.149e-14,5.709e-15
9404.230,8.478e-14,6.227e-15
9408.965,4.475e-14,6.140e-15
9413.702,4.008e-14,6.165e-15
9418.439,5.009e-14,5.946e-15
9423.178,5.929e-14,5.153e-15
9427.917,2.864e-14,4.975e-15
9432.658,2.490e-16,4.348e-15
9437.401,5.888e-14,4.388e-15
9442.144,3.505e-14,4.245e-15
9446.888,3.371e-14,3.997e-15
9451.634,5.146e-14,4.180e-15
9456.381,-1.845e-14,3.696e-15
9461.129,4.759e-14,4.397e-15
9465.878,-4.045e-15,4.187e-15
9470.628,3.802e-14,4.417e-15
9475.380,4.177e-14,5.173e-15
9480.133,2.787e-14,4.921e-15
9484.887,3.688e-14,4.862e-15
9489.642,4.065e-14,5.329e-15
9494.398,1.313e-14,5.001e-15
9499.156,6.279e-14,5.210e-15
9503.914,1.939e-14,5.155e-15
9508.674,3.129e-15,5.117e-15
9513.435,2.295e-14,5.449e-15
9518.198,-4.987e-15,5.007e-15
9522.961,2.442e-14,5.273e-15
9527.726,4.844e-14,5.163e-15
9532.492,9.496e-15,4.894e-15
9537.259,4.588e-14,5.171e-15
9542.028,5.267e-14,4.770e-15
9546.797,2.836e-14,4.134e-15
9551.568,5.563e-14,4.751e-15
9556.340,8.836e-15,4.821e-15
9561.113,2.443e-14,4.968e-15
9565.888,6.716e-14,5.824e-15
9570.663,6.745e-14,6.055e-15
9575.440,1.945e-13,6.852e-15
9580.218,1.658e-13,7.686e-15
9584.998,2.186e-13,7.501e-15
9589.778,1.492e-13,7.394e-15
9594.560,1.450e-13,6.564e-15
9599.343,3.550e-14,5.651e-15
9604.127,8.562e-14,6.010e-15
9608.913,3.627e-14,5.527e-15
9613.700,2.780e-14,5.301e-15
9618.488,7.095e-14,5.545e-15
9623.277,6.586e-14,5.660e-15
9628.067,1.979e-14,5.178e-15
9632.859,6.457e-14,5.156e-15
9637.652,3.976e-14,4.794e-15
9642.446,5.771e-14,4.982e-15
9647.242,2.855e-14,4.909e-15
9652.039,2.797e-14,5.809e-15
9656.837,4.934e-14,5.740e-15
9661.636,5.903e-14,6.106e-15
9666.436,1.124e-14,6.269e-15
9671.238,7.900e-14,6.314e-15
9676.041,5.283e-14,6.268e-15
9680.845,1.195e-13,6.739e-15
9685.651,2.673e-14,6.619e-15
9690.458,1.057e-13,6.992e-15
9695.266,8.342e-14,6.420e-15
9700.075,9.137e-14,6.865e-15
9704.886,9.086e-14,6.833e-15
9709.698,8.293e-14,6.526e-15
9714.511,7.146e-14,6.378e-15
9719.325,1.025e-13,6.276e-15
9724.141,8.063e-14,6.093e-15
9728.958,8.420e-14,5.773e-15
9733.776,4.669e-14,5.357e-15
9738.596,5.812e-14,5.227e-15
9743.417,5.452e-14,5.180e-15
9748.239,8.849e-14,5.367e-15
9753.062,1.990e-14,4.927e-15
9757.887,1.057e-13,5.312e-15
9762.713,1.275e-13,6.023e-15
9767.541,1.107e-13,6.103e-15
9772.369,6.337e-14,5.833e-15
9777.199,1.247e-13,6.234e-15
9782.030,6.690e-14,6.002e-15
9786.863,1.018e-13,5.881e-15
9791.697,9.312e-14,6.178e-15
9796.532,1.033e-13,6.468e-15
9801.368,5.243e-14,6.480e-15
9806.206,1.052e-13,6.839e-15
9811.045,5.264e-14,6.609e-15
9815.886,1.169e-13,6.273e-15
9820.727,2.652e-14,5.409e-15
9825.570,1.124e-14,5.285e-15
9830.415,3.803e-14,5.529e-15
9835.260,1.547e-14,5.221e-15
9840.107,4.802e-14,5.478e-15
9844.956,8.183e-14,5.429e-15
9849.805,9.463e-14,5.311e-15
9854.656,7.303e-14,5.295e-15
9859.509,4.408e-14,5.014e-15
9864.362,1.016e-13,5.417e-15
9869.217,2.616e-14,5.390e-15
9874.074,1.109e-13,5.790e-15
9878.931,5.011e-14,5.711e-15
9883.790,7.394e-14,6.115e-15
9888.651,1.323e-13,6.541e-15
9893.512,1.370e-13,6.592e-15
9898.375,8.028e-14,6.156e-15
9903.240,1.474e-13,7.045e-15
9908.105,8.003e-14,6.663e-15
9912.972,1.225e-13,6.916e-15
9917.841,1.125e-13,7.028e-15
9922.710,1.456e-13,7.147e-15
9927.582,9.520e-14,6.976e-15
9932.454,1.669e-13,7.176e-15
9937.328,1.417e-13,7.143e-15
9942.203,1.636e-13,7.334e-15
9947.080,1.131e-13,6.950e-15
9951.958,1.530e-13,7.118e-15
9956.837,1.543e-13,7.482e-15
9961.718,1.699e-13,7.446e-15
9966.600,2.004e-13,8.060e-15
9971.483,2.547e-13,8.335e-15
9976.368,2.292e-13,8.541e-15
9981.254,3.020e-13,8.810e-15
9986.141,2.707e-13,8.991e-15
9991.030,4.147e-13,9.553e-15
9995.921,3.917e-13,9.878e-15
10000.812,3.651e-13,9.861e-15
10005.705,4.416e-13,1.031e-14
10010.600,4.100e-13,1.008e-14
10015.496,3.953e-13,1.057e-14
10020.393,4.562e-13,1.051e-14
10025.291,3.945e-13,1.011e-14
10030.191,3.457e-13,9.624e-15
10035.093,3.505e-13,9.102e-15
10039.996,2.393e-13,8.184e-15
10044.900,2.095e-13,7.654e-15
10049.805,2.117e-13,7.718e-15
10054.712,2.310e-13,7.645e-15
10059.621,2.662e-13,7.660e-15
10064.531,2.262e-13,7.892e-15
10069.442,2.667e-13,8.941e-15
10074.354,2.219e-13,9.198e-15
10079.268,3.010e-13,9.868e-15
10084.184,2.680e-13,9.877e-15
10089.101,3.430e-13,9.767e-15
10094.019,2.527e-13,9.711e-15
10098.939,2.559e-13,1.010e-14
10103.860,3.709e-13,1.086e-14
10108.782,3.619e-13,1.134e-14
10113.706,3.356e-13,1.149e-14
10118.632,3.043e-13,1.085e-14
10123.558,3.427e-13,1.103e-14
10128.487,3.174e-13,1.077e-14
10133.416,3.145e-13,1.076e-14
10138.347,1.435e-13,9.745e-15
10143.280,4.747e-14,8.345e-15
10148.214,1.019e-13,8.279e-15
10153.149,5.299e-14,7.849e-15
10158.086,2.818e-14,7.387e-15
10163.025,2.888e-14,7.552e-15
10167.964,1.975e-14,7.173e-15
10172.905,1.411e-14,7.423e-15
10177.848,2.452e-14,7.231e-15
10182.792,4.462e-14,7.502e-15
10187.738,2.881e-14,7.109e-15
10192.685,-4.453e-14,6.926e-15
10197.633,7.179e-14,7.699e-15
10202.583,5.390e-14,8.044e-15
10207.534,5.821e-14,7.759e-15
10212.487,2.838e-14,7.851e-15
10217.441,5.352e-14,8.698e-15
10222.397,4.935e-14,8.725e-15
10227.354,6.880e-14,7.991e-15
10232.313,1.234e-13,9.132e-15
10237.273,1.046e-13,7.790e-15
10242.235,2.879e-14,7.624e-15
10247.198,4.491e-14,7.889e-15
10252.162,9.372e-15,8.046e-15
10257.128,1.023e-13,8.581e-15
10262.096,-2.311e-14,8.375e-15
10267.065,3.189e-14,8.940e-15
10272.035,6.953e-14,9.415e-15
10277.007,1.127e-13,8.932e-15
10281.981,3.537e-14,8.921e-15
10286.956,-1.639e-14,8.283e-15
10291.932,2.370e-14,8.370e-15
10296.910,1.057e-13,8.021e-15
10301.889,2.052e-14,7.849e-15
10306.870,3.669e-14,7.740e-15
10311.853,2.336e-14,7.593e-15
10316.837,3.729e-14,7.973e-15
10321.822,6.597e-14,8.694e-15
10326.809,5.653e-14,9.458e-15
10331.797,1.994e-14,9.224e-15
10336.787,6.754e-14,9.028e-15
10341.779,-6.753e-15,7.129e-15
10346.771,7.816e-14,7.366e-15
10351.766,-2.367e-14,7.258e-15
10356.762,5.894e-14,8.672e-15
10361.759,-2.494e-14,9.462e-15
10366.758,1.145e-13,9.789e-15
10371.759,5.935e-14,8.382e-15
10376.761,6.169e-14,7.573e-15
10381.764,-8.474e-15,7.346e-15
10386.769,1.071e-14,8.549e-15
10391.776,1.387e-14,1.015e-14
10396.784,7.674e-14,1.072e-14
10401.794,4.054e-14,1.039e-14
10406.805,3.845e-15,6.951e-15
10411.817,-6.016e-15,3.892e-15
10416.832,9.633e-15,2.168e-15
10421.847,-4.708e-16,9.171e-16
10426.865,2.723e-15,3.589e-16
10431.883,-4.390e-16,9.775e-17
10436.904,1.764e-16,2.637e-17
10441.926,3.639e-17,5.700e-18
10446.949,1.141e-17,1.017e-18
10451.974,1.118e-18,1.578e-19
10457.001,1.336e-19,1.866e-20
10462.029,-9.487e-22,1.856e-21
10467.058,9.245e-22,1.623e-22
10472.090,3.441e-23,1.194e-23
10477.122,-1.370e-24,7.463e-25
10482.157,4.764e-26,3.751e-26
10487.193,1.053e-26,1.683e-27
10492.230,1.539e-28,5.669e-29
10497.269,9.918e-30,1.782e-30
10502.310,6.050e-32,4.223e-32
10507.352,1.241e-33,8.818e-34
10512.395,-4.422e-35,1.545e-35
10517.441,1.251e-36,2.300e-37
10522.488,1.196e-38,2.695e-39
10527.536,1.673e-40,2.909e-41
10532.586,1.071e-42,2.436e-43
10537.637,5.920e-45,1.716e-45
10542.691,2.078e-47,9.713e-48
10547.745,-7.773e-50,4.740e-50
10552.802,8.451e-52,1.993e-52
10557.860,-6.189e-55,6.666e-55
10562.919,-1.059e-56,1.874e-57
10567.980,2.972e-59,4.547e-60
10573.043,-2.447e-62,8.951e-63
10578.107,-1.217e-65,1.575e-65
10583.173,1.189e-68,2.209e-68
10588.240,2.002e-70,2.651e-71
10593.309,7.168e-74,2.366e-74
10598.380,1.517e-77,1.755e-77
10603.452,-1.026e-79,1.198e-80
10608.526,5.187e-83,7.348e-84
10613.601,3.411e-87,3.248e-87
10618.678,5.029e-90,1.290e-90
10623.757,3.248e-93,4.190e-94
10628.837,1.663e-96,1.228e-97
10633.919,-1.364e-101,2.534e-101
10639.003,5.245e-104,4.569e-105
10644.088,-2.332e-109,6.743e-109
10649.174,3.090e-112,8.691e-113
10654.263,7.973e-116,9.653e-117
10659.353,1.823e-120,8.498e-121
10664.444,2.269e-124,6.114e-125
10669.537,1.363e-128,3.940e-129
10674.632,6.496e-133,1.960e-133
10679.729,9.495e-137,8.106e-138
10684.827,-5.240e-142,2.746e-142
10689.926,8.550e-146,8.163e-147
10695.028,3.160e-151,2.009e-151
10700.131,1.825e-155,4.116e-156
10705.235,3.579e-160,7.044e-161
10710.342,8.976e-165,1.000e-165
10715.449,7.286e-170,1.095e-170
10720.559,1.147e-174,1.056e-175
10725.670,-7.443e-182,8.012e-181
10730.783,7.339e-185,5.653e-186
10735.897,3.184e-190,2.963e-191
10741.013,-5.125e-196,1.305e-196
10746.131,4.542e-201,5.024e-202
10751.251,-2.440e-209,1.584e-207
10756.372,2.686e-212,3.897e-213
10761.494,-4.966e-219,7.768e-219
10766.619,8.479e-224,1.444e-224
10771.745,1.119e-229,2.102e-230
10776.873,-1.225e-235,2.367e-236
10782.002,1.839e-241,2.566e-242
10787.133,1.178e-247,2.071e-248
10792.266,3.043e-253,1.552e-254
10797.400,6.867e-260,8.067e-261
10802.536,1.677e-266,3.803e-267
10807.674,1.480e-272,1.572e-273
10812.813,1.396e-279,4.935e-280
10817.954,-8.801e-286,1.192e-286
10823.097,3.461e-292,3.005e-293
10828.241,8.590e-300,5.105e-300
10833.387,-1.531e-307,7.548e-307
10838.535,7.062e-313,9.594e-314
10843.685,9.514e-320,1.037e-320
10848.836,0.000e+00,0.000e+00
10853.989,0.000e+00,0.000e+00
10859.143,-0.000e+00,0.000e+00
10864.299,0.000e+00,0.000e+00
10869.457,-0.000e+00,0.000e+00
10874.617,0.000e+00,0.000e+00
10879.778,0.000e+00,0.000e+00
10884.941,0.000e+00,0.000e+00
10890.106,0.000e+00,0.000e+00
10895.272,0.000e+00,0.000e+00
10900.440,-0.000e+00,0.000e+00
10905.610,0.000e+00,0.000e+00
10910.782,-0.000e+00,0.000e+00
10915.955,0.000e+00,0.000e+00
10921.130,0.000e+00,0.000e+00
10926.307,0.000e+00,0.000e+00
10931.485,0.000e+00,0.000e+00
10936.665,0.000e+00,0.000e+00
10941.847,0.000e+00,0.000e+00
10947.030,0.000e+00,0.000e+00
10952.216,0.000e+00,0.000e+00
10957.403,0.000e+00,0.000e+00
10962.591,0.000e+00,0.000e+00
10967.782,0.000e+00,0.000e+00
10972.974,0.000e+00,0.000e+00
10978.168,0.000e+00,0.000e+00
10983.363,-0.000e+00,0.000e+00
10988.561,0.000e+00,0.000e+00
10993.760,-0.000e+00,0.000e+00
10998.961,-0.000e+00,0.000e+00
11004.163,0.000e+00,0.000e+00
11009.368,0.000e+00,0.000e+00
11014.574,-0.000e+00,0.000e+00
11019.782,0.000e+00,0.000e+00
11024.991,0.000e+00,0.000e+00
11030.202,0.000e+00,0.000e+00
11035.415,0.000e+00,0.000e+00
11040.630,0.000e+00,0.000e+00
11045.847,0.000e+00,0.000e+00
11051.065,0.000e+00,0.000e+00
11056.285,-0.000e+00,0.000e+00
11061.507,0.000e+00,0.000e+00
11066.731,0.000e+00,0.000e+00
11071.956,0.000e+00,0.000e+00
11077.183,0.000e+00,0.000e+00
11082.412,0.000e+00,0.000e+00
11087.643,0.000e+00,0.000e+00
11092.875,0.000e+00,0.000e+00
11098.109,-0.000e+00,0.000e+00
11103.345,0.000e+00,0.000e+00
11108.583,0.000e+00,0.000e+00
11113.823,0.000e+00,0.000e+00
11119.064,0.000e+00,0.000e+00
11124.307,0.000e+00,0.000e+00
11129.552,0.000e+00,0.000e+00
11134.799,0.000e+00,0.000e+00
11140.047,0.000e+00,0.000e+00
11145.298,0.000e+00,0.000e+00
11150.550,-0.000e+00,0.000e+00
11155.803,-0.000e+00,0.000e+00
11161.059,0.000e+00,0.000e+00
11166.316,0.000e+00,0.000e+00
11171.576,0.000e+00,0.000e+00
11176.837,0.000e+00,0.000e+00
11182.100,0.000e+00,0.000e+00
11187.364,0.000e+00,0.000e+00
11192.631,0.000e+00,0.000e+00
11197.899,0.000e+00,0.000e+00
11203.169,0.000e+00,0.000e+00
11208.441,0.000e+00,0.000e+00
11213.714,0.000e+00,0.000e+00
11218.990,0.000e+00,0.000e+00
11224.267,0.000e+00,0.000e+00
11229.546,-0.000e+00,0.000e+00
11234.827,-0.000e+00,0.000e+00
11240.110,0.000e+00,0.000e+00
11245.395,0.000e+00,0.000e+00
11250.681,-0.000e+00,0.000e+00
11255.969,-0.000e+00,0.000e+00
11261.259,-0.000e+00,0.000e+00
11266.551,0.000e+00,0.000e+00
11271.845,0.000e+00,0.000e+00
11277.141,0.000e+00,0.000e+00
11282.438,0.000e+00,0.000e+00
11287.737,-0.000e+00,0.000e+00
11293.038,0.000e+00,0.000e+00
11298.341,0.000e+00,0.000e+00
11303.646,-0.000e+00,0.000e+00
11308.953,-0.000e+00,0.000e+00
11314.261,-0.000e+00,0.000e+00
11319.571,0.000e+00,0.000e+00
11324.884,0.000e+00,0.000e+00
11330.198,0.000e+00,0.000e+00
11335.513,0.000e+00,0.000e+00
11340.831,0.000e+00,0.000e+00
11346.151,0.000e+00,0.000e+00
11351.472,0.000e+00,0.000e+00
11356.795,0.000e+00,0.000e+00
11362.121,0.000e+00,0.000e+00
11367.448,0.000e+00,0.000e+00
11372.777,0.000e+00,0.000e+00
11378.107,0.000e+00,0.000e+00
11383.440,0.000e+00,0.000e+00
11388.774,-0.000e+00,0.000e+00
11394.111,0.000e+00,0.000e+00
11399.449,0.000e+00,0.000e+00
11404.789,-0.000e+00,0.000e+00
11410.131,0.000e+00,0.000e+00
11415.475,0.000e+00,0.000e+00
11420.821,-0.000e+00,0.000e+00
11426.168,0.000e+00,0.000e+00
11431.518,-0.000e+00,0.000e+00
11436.869,0.000e+00,0.000e+00
